INSERT INTO Factura_Partner (ID_Factura_Partner, ID_Acuerdo, periodo_inicio, periodo_fin, fecha_emision, estado, impuesto_porcentaje, impuesto_monto, monto_total) VALUES
    (1, 1, '2023-01-01', '2023-12-31', '2023-01-01 10:07:00', 'PAGADA', 5, 12000.00, 252000.00),
    (2, 2, '2024-01-01', '2024-12-31', '2024-01-02 11:14:00', 'Pagada', 10, 24000.00, 264000.00),
    (3, 3, '2025-01-01', '2025-12-31', '2025-01-03 12:21:00', 'pagada', 15, 36000.00, 276000.00),
    (4, 4, '2023-01-01', '2023-12-31', '2023-01-04 13:28:00', 'pagadA ', 5, 15000.00, 315000.00),
    (5, 5, '2024-01-01', '2024-12-31', '2024-01-05 09:35:00', 'PAGADA', 10, 30000.00, 330000.00),
    (6, 6, '2025-01-01', '2025-12-31', '2025-01-06 10:42:00', 'Pagada', 15, 45000.00, 345000.00),
    (7, 7, '2023-01-01', '2023-12-31', '2023-01-07 11:49:00', 'pagada', 5, 18000.00, 378000.00),
    (8, 8, '2024-01-01', '2024-12-31', '2024-01-01 12:56:00', 'parcial ', 10, 36000.00, 396000.00),
    (9, 9, '2025-01-01', '2025-12-31', '2025-01-02 13:03:00', 'PARCIAL', 15, 54000.00, 414000.00),
    (10, 10, '2023-01-01', '2023-12-31', '2023-01-03 09:10:00', 'Vencida', 5, 21000.00, 441000.00),
    (11, 11, '2024-01-01', '2024-12-31', '2024-01-04 10:17:00', 'parcial', 10, 42000.00, 462000.00),
    (12, 12, '2025-01-01', '2025-12-31', '2025-01-05 11:24:00', 'parcial ', 15, 63000.00, 483000.00),
    (13, 13, '2023-01-01', '2023-12-31', '2023-01-06 12:31:00', 'PENDIENTE', 5, 24000.00, 504000.00),
    (14, 14, '2024-01-01', '2024-12-31', '2024-01-07 13:38:00', 'Parcial', 10, 48000.00, 528000.00),
    (15, 15, '2025-01-01', '2025-12-31', '2025-01-01 09:45:00', 'parcial', 15, 72000.00, 552000.00),
    (16, 16, '2023-01-01', '2023-12-31', '2023-01-02 10:52:00', 'vencidA ', 5, 15000.00, 315000.00),
    (17, 17, '2024-01-01', '2024-12-31', '2024-01-03 11:59:00', 'VENCIDA', 10, 30000.00, 330000.00),
    (18, 18, '2025-01-01', '2025-12-31', '2025-01-04 12:06:00', 'Vencida', 15, 45000.00, 345000.00),
    (19, 19, '2023-01-01', '2023-12-31', '2023-01-05 13:13:00', 'pendiente', 5, 18000.00, 378000.00),
    (20, 20, '2024-01-01', '2024-12-31', '2024-01-06 09:20:00', ' pendiEnte', 10, 36000.00, 396000.00),
    (21, 21, '2025-01-01', '2025-12-31', '2025-01-07 10:27:00', 'PENDIENTE', 15, 54000.00, 414000.00),
    (22, 22, '2023-01-01', '2023-12-31', '2023-01-01 11:34:00', 'Vencida', 5, 21000.00, 441000.00),
    (23, 23, '2024-01-01', '2024-12-31', '2024-01-02 12:41:00', 'vencida', 10, 42000.00, 462000.00),
    (24, 24, '2025-01-01', '2025-12-31', '2025-01-03 13:48:00', 'vencidA ', 15, 63000.00, 483000.00);

INSERT INTO Pago_Partner (ID_Pago_Partner, ID_Factura_Partner, fecha, monto, metodo_pago, estado) VALUES
    (1, 1, '2023-01-07 21:16:00', 113400.00, 'transferencia_bancaria', 'completado'),
    (2, 1, '2023-01-12 22:25:00', 138600.00, 'tarjeta_credito', 'COMPLETADO'),
    (3, 2, '2024-01-09 22:32:00', 118800.00, 'tarjeta_credito', 'COMPLETADO'),
    (4, 2, '2024-01-14 23:50:00', 145200.00, 'tarjeta_debito', 'Completado '),
    (5, 3, '2025-01-08 23:48:00', 124200.00, 'tarjeta_debito', 'Completado '),
    (6, 3, '2025-01-14 01:15:00', 151800.00, 'PayPal', 'completado'),
    (7, 4, '2023-01-11 01:04:00', 141750.00, 'PayPal', 'completado'),
    (8, 4, '2023-01-16 01:40:00', 173250.00, 'efectivo', 'COMPLETADO'),
    (9, 5, '2024-01-12 21:20:00', 148500.00, 'efectivo', 'COMPLETADO'),
    (10, 5, '2024-01-17 22:05:00', 181500.00, 'domiciliación', 'Completado '),
    (11, 6, '2025-01-11 22:36:00', 155250.00, 'domiciliación', 'Completado '),
    (12, 6, '2025-01-16 23:30:00', 189750.00, 'cheque', 'completado'),
    (13, 7, '2023-01-13 22:52:00', 170100.00, 'cheque', 'completado'),
    (14, 7, '2023-01-18 23:55:00', 207900.00, ' transferencia_bancaria', 'COMPLETADO'),
    (15, 8, '2024-01-09 00:08:00', 237600.00, ' transferencia_bancaria', 'completado'),
    (16, 9, '2025-01-08 00:24:00', 248400.00, 'tarjeta_credito ', 'completado'),
    (17, 11, '2024-01-11 21:56:00', 277200.00, 'tarjeta_credito', 'completado'),
    (18, 12, '2025-01-10 23:12:00', 289800.00, 'tarjeta_debito', 'completado'),
    (19, 14, '2024-01-15 00:44:00', 316800.00, 'efectivo', 'completado'),
    (20, 15, '2025-01-06 21:00:00', 165600.00, 'domiciliación', 'completado'),
    (21, 15, '2025-01-11 22:15:00', 248400.00, 'cheque', 'pendiente');

INSERT INTO Factura (ID_Factura, ID_Contrato, periodo_inicio, periodo_fin, fecha_emision, estado, subtotal, descuento, impuesto_porcentaje, impuesto_monto, monto_total) VALUES
    (1, 1, '2023-01-01', '2023-12-31', '2023-01-01 08:00:00', 'PAGADA', 24000.00, 0, 10, 2400.00, 26400.00),
    (2, 2, '2024-01-01', '2024-12-31', '2024-01-02 09:11:00', 'Pagada', 36000.00, 10, 15, 4860.00, 37260.00),
    (3, 3, '2025-01-01', '2025-12-31', '2025-01-03 10:22:00', 'pagada', 120000.00, 0, 10, 12000.00, 132000.00),
    (4, 4, '2023-01-01', '2023-12-31', '2023-01-04 11:33:00', 'pagadA ', 72000.00, 5, 5, 3420.00, 71820.00),
    (5, 5, '2024-01-01', '2024-12-31', '2024-01-05 12:44:00', 'PAGADA', 192000.00, 0, 10, 19200.00, 211200.00),
    (6, 6, '2025-01-01', '2025-12-31', '2025-01-06 13:55:00', 'Pagada', 36000.00, 10, 15, 4860.00, 37260.00),
    (7, 7, '2023-01-01', '2023-12-31', '2023-01-07 08:06:00', 'pagada', 216000.00, 0, 10, 21600.00, 237600.00),
    (8, 8, '2024-01-01', '2024-12-31', '2024-01-01 09:17:00', 'pagadA ', 300000.00, 5, 5, 14250.00, 299250.00),
    (9, 9, '2025-01-01', '2025-12-31', '2025-01-02 10:28:00', 'PAGADA', 192000.00, 0, 10, 19200.00, 211200.00),
    (10, 10, '2023-01-01', '2023-12-31', '2023-01-03 11:39:00', 'Pagada', 336000.00, 10, 15, 45360.00, 347760.00),
    (11, 11, '2024-01-01', '2024-12-31', '2024-01-04 12:50:00', 'pagada', 120000.00, 0, 10, 12000.00, 132000.00),
    (12, 12, '2025-01-01', '2025-12-31', '2025-01-05 13:01:00', 'pagadA ', 252000.00, 5, 5, 11970.00, 251370.00),
    (13, 13, '2023-01-01', '2023-12-31', '2023-01-06 08:12:00', 'PAGADA', 600000.00, 0, 10, 60000.00, 660000.00),
    (14, 14, '2024-01-01', '2024-12-31', '2024-01-07 09:23:00', 'Pagada', 216000.00, 10, 15, 29160.00, 223560.00),
    (15, 15, '2025-01-01', '2025-12-31', '2025-01-01 10:34:00', 'pagada', 288000.00, 0, 10, 28800.00, 316800.00),
    (16, 16, '2023-01-01', '2023-12-31', '2023-01-02 11:45:00', 'pagadA ', 36000.00, 5, 5, 1710.00, 35910.00),
    (17, 17, '2024-01-01', '2024-12-31', '2024-01-03 12:56:00', 'PAGADA', 144000.00, 0, 10, 14400.00, 158400.00),
    (18, 18, '2025-01-01', '2025-12-31', '2025-01-04 13:07:00', 'Pagada', 300000.00, 10, 15, 40500.00, 310500.00),
    (19, 19, '2023-01-01', '2023-12-31', '2023-01-05 08:18:00', 'pagada', 144000.00, 0, 10, 14400.00, 158400.00),
    (20, 20, '2024-01-01', '2024-12-31', '2024-01-06 09:29:00', 'pagadA ', 240000.00, 5, 5, 11400.00, 239400.00),
    (21, 21, '2025-01-01', '2025-12-31', '2025-01-07 10:40:00', 'PAGADA', 72000.00, 0, 10, 7200.00, 79200.00),
    (22, 22, '2023-01-01', '2023-12-31', '2023-01-01 11:51:00', 'Pagada', 252000.00, 10, 15, 34020.00, 260820.00),
    (23, 23, '2024-01-01', '2024-12-31', '2024-01-02 12:02:00', 'pagada', 120000.00, 0, 10, 12000.00, 132000.00),
    (24, 24, '2025-01-01', '2025-12-31', '2025-01-03 13:13:00', 'pagadA ', 168000.00, 5, 5, 7980.00, 167580.00),
    (25, 25, '2023-01-01', '2023-12-31', '2023-01-04 08:24:00', 'PAGADA', 96000.00, 0, 10, 9600.00, 105600.00),
    (26, 26, '2024-01-01', '2024-12-31', '2024-01-05 09:35:00', 'Pagada', 12000.00, 10, 15, 1620.00, 12420.00),
    (27, 27, '2025-01-01', '2025-12-31', '2025-01-06 10:46:00', 'pagada', 144000.00, 0, 10, 14400.00, 158400.00),
    (28, 28, '2023-01-01', '2023-12-31', '2023-01-07 11:57:00', 'pagadA ', 180000.00, 15, 5, 7650.00, 160650.00),
    (29, 29, '2024-01-01', '2024-12-31', '2024-01-01 12:08:00', 'PAGADA', 96000.00, 0, 10, 9600.00, 105600.00),
    (30, 30, '2025-01-01', '2025-12-31', '2025-01-02 13:19:00', 'Pagada', 336000.00, 5, 15, 47880.00, 367080.00),
    (31, 31, '2023-01-01', '2023-12-31', '2023-01-03 08:30:00', 'pagada', 72000.00, 0, 10, 7200.00, 79200.00),
    (32, 32, '2024-01-01', '2024-12-31', '2024-01-04 09:41:00', 'pagadA ', 180000.00, 10, 5, 8100.00, 170100.00),
    (33, 33, '2025-01-01', '2025-12-31', '2025-01-05 10:52:00', 'PAGADA', 360000.00, 0, 10, 36000.00, 396000.00),
    (34, 34, '2023-01-01', '2023-12-31', '2023-01-06 11:03:00', 'Pagada', 168000.00, 15, 15, 21420.00, 164220.00),
    (35, 35, '2024-01-01', '2024-12-31', '2024-01-07 12:14:00', 'pagada', 480000.00, 0, 10, 48000.00, 528000.00),
    (36, 36, '2025-01-01', '2025-12-31', '2025-01-01 13:25:00', 'pagadA ', 108000.00, 5, 5, 5130.00, 107730.00),
    (37, 37, '2023-01-01', '2023-12-31', '2023-01-02 08:36:00', 'PAGADA', 360000.00, 0, 10, 36000.00, 396000.00),
    (38, 38, '2024-01-01', '2024-12-31', '2024-01-03 09:47:00', 'Pagada', 540000.00, 10, 15, 72900.00, 558900.00),
    (39, 39, '2025-01-01', '2025-12-31', '2025-01-04 10:58:00', 'pagada', 240000.00, 0, 10, 24000.00, 264000.00),
    (40, 40, '2023-01-01', '2023-12-31', '2023-01-05 11:09:00', 'parcial ', 144000.00, 15, 5, 6120.00, 128520.00),
    (41, 41, '2024-01-01', '2024-12-31', '2024-01-06 12:20:00', 'PAGADA', 48000.00, 0, 10, 4800.00, 52800.00),
    (42, 42, '2025-01-01', '2025-12-31', '2025-01-07 13:31:00', 'Pagada', 108000.00, 5, 15, 15390.00, 117990.00),
    (43, 43, '2023-01-01', '2023-12-31', '2023-01-01 08:42:00', 'parcial', 360000.00, 0, 10, 36000.00, 396000.00),
    (44, 44, '2024-01-01', '2024-12-31', '2024-01-02 09:53:00', 'pagadA ', 120000.00, 10, 5, 5400.00, 113400.00),
    (45, 45, '2025-01-01', '2025-12-31', '2025-01-03 10:04:00', 'PAGADA', 96000.00, 0, 10, 9600.00, 105600.00),
    (46, 46, '2023-01-01', '2023-12-31', '2023-01-04 11:15:00', 'Parcial', 84000.00, 15, 15, 10710.00, 82110.00),
    (47, 47, '2024-01-01', '2024-12-31', '2024-01-05 12:26:00', 'pagada', 72000.00, 0, 5, 3600.00, 75600.00),
    (48, 48, '2025-01-01', '2025-12-31', '2025-01-06 13:37:00', 'pagadA ', 420000.00, 5, 10, 39900.00, 438900.00),
    (49, 49, '2023-01-01', '2023-12-31', '2023-01-07 08:48:00', 'PARCIAL', 48000.00, 0, 15, 7200.00, 55200.00),
    (50, 50, '2024-01-01', '2024-12-31', '2024-01-01 09:59:00', 'Pagada', 48000.00, 10, 5, 2160.00, 45360.00),
    (51, 51, '2025-01-01', '2025-12-31', '2025-01-02 10:10:00', 'pagada', 24000.00, 0, 10, 2400.00, 26400.00),
    (52, 52, '2023-01-01', '2023-12-31', '2023-01-03 11:21:00', 'parcial ', 108000.00, 15, 15, 13770.00, 105570.00),
    (53, 53, '2024-01-01', '2024-12-31', '2024-01-04 12:32:00', 'PAGADA', 240000.00, 0, 5, 12000.00, 252000.00),
    (54, 54, '2025-01-01', '2025-12-31', '2025-01-05 13:43:00', 'Pagada', 120000.00, 5, 10, 11400.00, 125400.00),
    (55, 55, '2023-01-01', '2023-12-31', '2023-01-06 08:54:00', 'parcial', 288000.00, 0, 15, 43200.00, 331200.00),
    (56, 56, '2024-01-01', '2024-12-31', '2024-01-07 09:05:00', 'parcial ', 60000.00, 10, 5, 2700.00, 56700.00),
    (57, 57, '2025-01-01', '2025-12-31', '2025-01-01 10:16:00', 'PAGADA', 216000.00, 0, 10, 21600.00, 237600.00),
    (58, 58, '2023-01-01', '2023-12-31', '2023-01-02 11:27:00', 'Parcial', 420000.00, 15, 15, 53550.00, 410550.00),
    (59, 59, '2024-01-01', '2024-12-31', '2024-01-03 12:38:00', 'parcial', 240000.00, 20, 5, 9600.00, 201600.00),
    (60, 60, '2025-01-01', '2025-12-31', '2025-01-04 13:49:00', 'parcial ', 144000.00, 5, 10, 13680.00, 150480.00),
    (61, 61, '2024-01-01', '2024-12-31', '2024-01-05 08:00:00', 'PARCIAL', 120000.00, 0, 15, 18000.00, 138000.00),
    (62, 62, '2025-01-01', '2025-12-31', '2025-01-06 09:11:00', 'Parcial', 324000.00, 10, 5, 14580.00, 306180.00),
    (63, 63, '2024-01-01', '2024-12-31', '2024-01-07 10:22:00', 'parcial', 72000.00, 15, 10, 6120.00, 67320.00),
    (64, 64, '2025-01-01', '2025-12-31', '2025-01-01 11:33:00', 'parcial ', 192000.00, 20, 15, 23040.00, 176640.00),
    (65, 65, '2024-01-01', '2024-12-31', '2024-01-02 12:44:00', 'PARCIAL', 216000.00, 5, 5, 10260.00, 215460.00),
    (66, 66, '2025-01-01', '2025-12-31', '2025-01-03 13:55:00', 'Parcial', 300000.00, 0, 10, 30000.00, 330000.00),
    (67, 67, '2024-01-01', '2024-12-31', '2024-01-04 08:06:00', 'parcial', 336000.00, 10, 15, 45360.00, 347760.00),
    (68, 68, '2025-01-01', '2025-12-31', '2025-01-05 09:17:00', 'parcial ', 24000.00, 15, 5, 1020.00, 21420.00),
    (69, 69, '2024-01-01', '2024-12-31', '2024-01-06 10:28:00', 'PARCIAL', 120000.00, 20, 10, 9600.00, 105600.00),
    (70, 70, '2025-01-01', '2025-12-31', '2025-01-07 11:39:00', 'Parcial', 24000.00, 5, 15, 3420.00, 26220.00),
    (71, 71, '2024-01-01', '2024-12-31', '2024-01-01 12:50:00', 'parcial', 36000.00, 0, 5, 1800.00, 37800.00),
    (72, 72, '2025-01-01', '2025-12-31', '2025-01-02 13:01:00', 'parcial ', 144000.00, 10, 10, 12960.00, 142560.00),
    (73, 73, '2024-01-01', '2024-12-31', '2024-01-03 08:12:00', 'PARCIAL', 144000.00, 15, 15, 18360.00, 140760.00),
    (74, 74, '2025-01-01', '2025-12-31', '2025-01-04 09:23:00', 'Parcial', 240000.00, 20, 5, 9600.00, 201600.00),
    (75, 75, '2024-01-01', '2024-12-31', '2024-01-05 10:34:00', 'parcial', 252000.00, 5, 10, 23940.00, 263340.00),
    (76, 76, '2025-01-01', '2025-12-31', '2025-01-06 11:45:00', 'parcial ', 600000.00, 0, 15, 90000.00, 690000.00),
    (77, 77, '2024-01-01', '2024-12-31', '2024-01-07 12:56:00', 'PENDIENTE', 480000.00, 10, 5, 21600.00, 453600.00),
    (78, 78, '2025-01-01', '2025-12-31', '2025-01-01 13:07:00', 'Parcial', 108000.00, 15, 10, 9180.00, 100980.00),
    (79, 79, '2024-01-01', '2024-12-31', '2024-01-02 08:18:00', 'pendiente', 180000.00, 20, 15, 21600.00, 165600.00),
    (80, 80, '2025-01-01', '2025-12-31', '2025-01-03 09:29:00', ' pendiEnte', 96000.00, 5, 5, 4560.00, 95760.00),
    (81, 81, '2024-01-01', '2024-12-31', '2024-01-04 10:40:00', 'PENDIENTE', 72000.00, 0, 10, 7200.00, 79200.00),
    (82, 82, '2025-01-01', '2025-12-31', '2025-01-05 11:51:00', 'Pendiente', 180000.00, 10, 15, 24300.00, 186300.00),
    (83, 83, '2024-01-01', '2024-12-31', '2024-01-06 12:02:00', 'pendiente', 168000.00, 15, 5, 7140.00, 149940.00),
    (84, 84, '2025-01-01', '2025-12-31', '2025-01-07 13:13:00', ' pendiEnte', 96000.00, 20, 10, 7680.00, 84480.00),
    (85, 85, '2024-01-01', '2024-12-31', '2024-01-01 08:24:00', 'PENDIENTE', 72000.00, 5, 15, 10260.00, 78660.00),
    (86, 86, '2025-01-01', '2025-12-31', '2025-01-02 09:35:00', 'Pendiente', 60000.00, 0, 5, 3000.00, 63000.00),
    (87, 87, '2024-01-01', '2024-12-31', '2024-01-03 10:46:00', 'pendiente', 144000.00, 10, 10, 12960.00, 142560.00),
    (88, 88, '2025-01-01', '2025-12-31', '2025-01-04 11:57:00', ' pendiEnte', 48000.00, 15, 15, 6120.00, 46920.00),
    (89, 89, '2024-01-01', '2024-12-31', '2024-01-05 12:08:00', 'VENCIDA', 360000.00, 20, 5, 14400.00, 302400.00),
    (90, 90, '2025-01-01', '2025-12-31', '2025-01-06 13:19:00', 'Pendiente', 120000.00, 5, 10, 11400.00, 125400.00),
    (91, 91, '2024-01-01', '2024-12-31', '2024-01-07 08:30:00', 'vencida', 84000.00, 0, 15, 12600.00, 96600.00),
    (92, 92, '2025-01-01', '2025-12-31', '2025-01-01 09:41:00', ' pendiEnte', 360000.00, 10, 5, 16200.00, 340200.00),
    (93, 93, '2024-01-01', '2024-12-31', '2024-01-02 10:52:00', 'VENCIDA', 240000.00, 15, 10, 20400.00, 224400.00),
    (94, 94, '2025-01-01', '2025-12-31', '2025-01-03 11:03:00', 'Pendiente', 432000.00, 20, 15, 51840.00, 397440.00),
    (95, 95, '2024-01-01', '2024-12-31', '2024-01-04 12:14:00', 'vencida', 108000.00, 5, 5, 5130.00, 107730.00),
    (96, 96, '2025-01-01', '2025-12-31', '2025-01-05 13:25:00', ' pendiEnte', 240000.00, 0, 10, 24000.00, 264000.00),
    (97, 97, '2024-01-01', '2024-12-31', '2024-01-06 08:36:00', 'VENCIDA', 288000.00, 10, 15, 38880.00, 298080.00),
    (98, 98, '2025-01-01', '2025-12-31', '2025-01-07 09:47:00', 'Pendiente', 60000.00, 15, 5, 2550.00, 53550.00),
    (99, 99, '2024-01-01', '2024-12-31', '2024-01-01 10:58:00', 'vencida', 420000.00, 20, 10, 33600.00, 369600.00),
    (100, 100, '2025-01-01', '2025-12-31', '2025-01-02 11:09:00', 'vencidA ', 48000.00, 5, 15, 6840.00, 52440.00),
    (101, 101, '2025-01-01', '2025-12-31', '2025-01-03 12:20:00', 'VENCIDA', 24000.00, 0, 5, 1200.00, 25200.00),
    (102, 102, '2025-01-01', '2025-12-31', '2025-01-04 13:31:00', 'Vencida', 72000.00, 10, 10, 6480.00, 71280.00),
    (103, 103, '2025-01-01', '2025-12-31', '2025-01-05 08:42:00', 'vencida', 216000.00, 15, 15, 27540.00, 211140.00),
    (104, 104, '2025-01-01', '2025-12-31', '2025-01-06 09:53:00', 'vencidA ', 336000.00, 20, 5, 13440.00, 282240.00),
    (105, 105, '2025-01-01', '2025-12-31', '2025-01-07 10:04:00', 'VENCIDA', 600000.00, 5, 10, 57000.00, 627000.00),
    (106, 106, '2025-01-01', '2025-12-31', '2025-01-01 11:15:00', 'Vencida', 36000.00, 0, 15, 5400.00, 41400.00),
    (107, 107, '2025-01-01', '2025-12-31', '2025-01-02 12:26:00', 'vencida', 144000.00, 10, 5, 6480.00, 136080.00),
    (108, 108, '2025-01-01', '2025-12-31', '2025-01-03 13:37:00', 'vencidA ', 252000.00, 15, 10, 21420.00, 235620.00),
    (109, 109, '2025-01-01', '2025-12-31', '2025-01-04 08:48:00', 'VENCIDA', 96000.00, 20, 15, 11520.00, 88320.00),
    (110, 110, '2025-01-01', '2025-12-31', '2025-01-05 09:59:00', 'Vencida', 180000.00, 5, 5, 8550.00, 179550.00);

INSERT INTO Pago (ID_Pago, ID_Factura, fecha, monto, metodo_pago, estado) VALUES
    (1, 1, '2023-01-05 18:00:00', 10560.00, 'tarjeta_credito', 'COMPLETADO'),
    (2, 1, '2023-01-09 19:00:00', 15840.00, 'tarjeta_debito', 'Completado '),
    (3, 2, '2024-01-07 19:24:00', 14904.00, 'tarjeta_debito', 'Completado '),
    (4, 2, '2024-01-11 20:37:00', 22356.00, 'PayPal', 'completado'),
    (5, 3, '2025-01-09 20:48:00', 52800.00, 'PayPal', 'completado'),
    (6, 3, '2025-01-13 22:14:00', 79200.00, 'efectivo', 'COMPLETADO'),
    (7, 4, '2023-01-11 22:12:00', 28728.00, 'efectivo', 'COMPLETADO'),
    (8, 4, '2023-01-15 22:51:00', 43092.00, 'domiciliación', 'Completado '),
    (9, 5, '2024-01-13 23:36:00', 84480.00, 'domiciliación', 'Completado '),
    (10, 5, '2024-01-18 00:28:00', 126720.00, 'cheque', 'completado'),
    (11, 6, '2025-01-11 00:00:00', 14904.00, 'cheque', 'completado'),
    (12, 6, '2025-01-15 01:05:00', 22356.00, ' transferencia_bancaria', 'COMPLETADO'),
    (13, 7, '2023-01-12 18:24:00', 95040.00, ' transferencia_bancaria', 'COMPLETADO'),
    (14, 7, '2023-01-16 19:42:00', 142560.00, 'tarjeta_credito ', 'Completado '),
    (15, 8, '2024-01-07 19:48:00', 119700.00, 'tarjeta_credito ', 'Completado '),
    (16, 8, '2024-01-11 20:19:00', 179550.00, 'transferencia_bancaria', 'completado'),
    (17, 9, '2025-01-09 21:12:00', 84480.00, 'transferencia_bancaria', 'completado'),
    (18, 9, '2025-01-13 21:56:00', 126720.00, 'tarjeta_credito', 'COMPLETADO'),
    (19, 10, '2023-01-11 22:36:00', 139104.00, 'tarjeta_credito', 'COMPLETADO'),
    (20, 10, '2023-01-15 23:33:00', 208656.00, 'tarjeta_debito', 'Completado '),
    (21, 11, '2024-01-08 23:00:00', 52800.00, 'tarjeta_debito', 'Completado '),
    (22, 11, '2024-01-13 00:10:00', 79200.00, 'PayPal', 'completado'),
    (23, 12, '2025-01-10 23:24:00', 100548.00, 'PayPal', 'completado'),
    (24, 12, '2025-01-15 00:47:00', 150822.00, 'efectivo', 'COMPLETADO'),
    (25, 13, '2023-01-12 18:48:00', 264000.00, 'efectivo', 'COMPLETADO'),
    (26, 13, '2023-01-16 19:24:00', 396000.00, 'domiciliación', 'Completado '),
    (27, 14, '2024-01-14 20:12:00', 89424.00, 'domiciliación', 'Completado '),
    (28, 14, '2024-01-18 21:01:00', 134136.00, 'cheque', 'completado'),
    (29, 15, '2025-01-09 20:36:00', 126720.00, 'cheque', 'completado'),
    (30, 15, '2025-01-13 21:38:00', 190080.00, ' transferencia_bancaria', 'COMPLETADO'),
    (31, 16, '2023-01-06 22:00:00', 14364.00, ' transferencia_bancaria', 'COMPLETADO'),
    (32, 16, '2023-01-10 23:15:00', 21546.00, 'tarjeta_credito ', 'Completado '),
    (33, 17, '2024-01-08 23:24:00', 63360.00, 'tarjeta_credito ', 'Completado '),
    (34, 17, '2024-01-13 00:52:00', 95040.00, 'transferencia_bancaria', 'completado'),
    (35, 18, '2025-01-10 23:48:00', 124200.00, 'transferencia_bancaria', 'completado'),
    (36, 18, '2025-01-15 00:29:00', 186300.00, 'tarjeta_credito', 'COMPLETADO'),
    (37, 19, '2023-01-12 19:12:00', 63360.00, 'tarjeta_credito', 'COMPLETADO'),
    (38, 19, '2023-01-16 20:06:00', 95040.00, 'tarjeta_debito', 'Completado '),
    (39, 20, '2024-01-14 19:36:00', 95760.00, 'tarjeta_debito', 'Completado '),
    (40, 20, '2024-01-18 20:43:00', 143640.00, 'PayPal', 'completado'),
    (41, 21, '2025-01-11 21:00:00', 31680.00, 'PayPal', 'completado'),
    (42, 21, '2025-01-15 22:20:00', 47520.00, 'efectivo', 'COMPLETADO'),
    (43, 22, '2023-01-06 22:24:00', 104328.00, 'efectivo', 'COMPLETADO'),
    (44, 22, '2023-01-10 22:57:00', 156492.00, 'domiciliación', 'Completado '),
    (45, 23, '2024-01-08 22:48:00', 52800.00, 'domiciliación', 'Completado '),
    (46, 23, '2024-01-12 23:34:00', 79200.00, 'cheque', 'completado'),
    (47, 24, '2025-01-11 00:12:00', 67032.00, 'cheque', 'completado'),
    (48, 24, '2025-01-15 01:11:00', 100548.00, ' transferencia_bancaria', 'COMPLETADO'),
    (49, 25, '2023-01-12 18:36:00', 42240.00, ' transferencia_bancaria', 'COMPLETADO'),
    (50, 25, '2023-01-16 19:48:00', 63360.00, 'tarjeta_credito ', 'Completado '),
    (51, 26, '2024-01-09 20:00:00', 4968.00, 'tarjeta_credito ', 'Completado '),
    (52, 26, '2024-01-13 21:25:00', 7452.00, 'transferencia_bancaria', 'completado'),
    (53, 27, '2025-01-11 21:24:00', 63360.00, 'transferencia_bancaria', 'completado'),
    (54, 27, '2025-01-15 22:02:00', 95040.00, 'tarjeta_credito', 'COMPLETADO'),
    (55, 28, '2023-01-13 22:48:00', 64260.00, 'tarjeta_credito', 'COMPLETADO'),
    (56, 28, '2023-01-17 23:39:00', 96390.00, 'tarjeta_debito', 'Completado '),
    (57, 29, '2024-01-08 22:12:00', 42240.00, 'tarjeta_debito', 'Completado '),
    (58, 29, '2024-01-12 23:16:00', 63360.00, 'PayPal', 'completado'),
    (59, 30, '2025-01-10 23:36:00', 146832.00, 'PayPal', 'completado'),
    (60, 30, '2025-01-15 00:53:00', 220248.00, 'efectivo', 'COMPLETADO'),
    (61, 31, '2023-01-07 19:00:00', 31680.00, 'efectivo', 'COMPLETADO'),
    (62, 31, '2023-01-11 19:30:00', 47520.00, 'domiciliación', 'Completado '),
    (63, 32, '2024-01-09 20:24:00', 68040.00, 'domiciliación', 'Completado '),
    (64, 32, '2024-01-13 21:07:00', 102060.00, 'cheque', 'completado'),
    (65, 33, '2025-01-11 21:48:00', 158400.00, 'cheque', 'completado'),
    (66, 33, '2025-01-15 22:44:00', 237600.00, ' transferencia_bancaria', 'COMPLETADO'),
    (67, 34, '2023-01-13 21:12:00', 65688.00, ' transferencia_bancaria', 'COMPLETADO'),
    (68, 34, '2023-01-17 22:21:00', 98532.00, 'tarjeta_credito ', 'Completado '),
    (69, 35, '2024-01-15 22:36:00', 211200.00, 'tarjeta_credito ', 'Completado '),
    (70, 35, '2024-01-19 23:58:00', 316800.00, 'transferencia_bancaria', 'completado'),
    (71, 36, '2025-01-06 00:00:00', 43092.00, 'transferencia_bancaria', 'completado'),
    (72, 36, '2025-01-10 00:35:00', 64638.00, 'tarjeta_credito', 'COMPLETADO'),
    (73, 37, '2023-01-07 19:24:00', 158400.00, 'tarjeta_credito', 'COMPLETADO'),
    (74, 37, '2023-01-11 20:12:00', 237600.00, 'tarjeta_debito', 'Completado '),
    (75, 38, '2024-01-09 19:48:00', 223560.00, 'tarjeta_debito', 'Completado '),
    (76, 38, '2024-01-13 20:49:00', 335340.00, 'PayPal', 'completado'),
    (77, 39, '2025-01-11 21:12:00', 105600.00, 'PayPal', 'completado'),
    (78, 39, '2025-01-15 22:26:00', 158400.00, 'efectivo', 'COMPLETADO'),
    (79, 40, '2023-01-13 21:36:00', 38556.00, 'efectivo', 'completado'),
    (80, 40, '2023-01-17 23:03:00', 51408.00, 'domiciliación', 'pendiente'),
    (81, 41, '2024-01-10 23:00:00', 21120.00, 'domiciliación', 'Completado '),
    (82, 41, '2024-01-14 23:40:00', 31680.00, 'cheque', 'completado'),
    (83, 42, '2025-01-13 00:24:00', 47196.00, 'cheque', 'completado'),
    (84, 42, '2025-01-17 01:17:00', 70794.00, ' transferencia_bancaria', 'COMPLETADO'),
    (85, 43, '2023-01-07 18:48:00', 118800.00, ' transferencia_bancaria', 'completado'),
    (86, 43, '2023-01-11 19:54:00', 158400.00, 'tarjeta_credito ', 'pendiente'),
    (87, 44, '2024-01-09 20:12:00', 45360.00, 'tarjeta_credito ', 'Completado '),
    (88, 44, '2024-01-13 21:31:00', 68040.00, 'transferencia_bancaria', 'completado'),
    (89, 45, '2025-01-11 20:36:00', 42240.00, 'transferencia_bancaria', 'completado'),
    (90, 45, '2025-01-15 21:08:00', 63360.00, 'tarjeta_credito', 'COMPLETADO'),
    (91, 46, '2023-01-08 22:00:00', 24633.00, 'tarjeta_credito', 'completado'),
    (92, 46, '2023-01-12 22:45:00', 32844.00, 'tarjeta_debito', 'pendiente'),
    (93, 47, '2024-01-10 23:24:00', 30240.00, 'tarjeta_debito', 'Completado '),
    (94, 47, '2024-01-15 00:22:00', 45360.00, 'PayPal', 'completado'),
    (95, 48, '2025-01-12 23:48:00', 175560.00, 'PayPal', 'completado'),
    (96, 48, '2025-01-17 00:59:00', 263340.00, 'efectivo', 'COMPLETADO'),
    (97, 49, '2023-01-14 19:12:00', 16560.00, 'efectivo', 'completado'),
    (98, 49, '2023-01-18 20:36:00', 22080.00, 'domiciliación', 'pendiente'),
    (99, 50, '2024-01-09 20:36:00', 18144.00, 'domiciliación', 'Completado '),
    (100, 50, '2024-01-13 21:13:00', 27216.00, 'cheque', 'completado'),
    (101, 51, '2025-01-06 21:00:00', 10560.00, 'cheque', 'completado'),
    (102, 51, '2025-01-10 21:50:00', 15840.00, ' transferencia_bancaria', 'COMPLETADO'),
    (103, 52, '2023-01-08 21:24:00', 31671.00, ' transferencia_bancaria', 'completado'),
    (104, 52, '2023-01-12 22:27:00', 42228.00, 'tarjeta_credito ', 'pendiente'),
    (105, 53, '2024-01-10 22:48:00', 100800.00, 'tarjeta_credito ', 'Completado '),
    (106, 53, '2024-01-15 00:04:00', 151200.00, 'transferencia_bancaria', 'completado'),
    (107, 54, '2025-01-13 00:12:00', 50160.00, 'transferencia_bancaria', 'completado'),
    (108, 54, '2025-01-17 01:41:00', 75240.00, 'tarjeta_credito', 'COMPLETADO'),
    (109, 55, '2023-01-14 19:36:00', 99360.00, 'tarjeta_credito', 'completado'),
    (110, 55, '2023-01-18 20:18:00', 132480.00, 'tarjeta_debito', 'pendiente'),
    (111, 56, '2024-01-11 20:00:00', 17010.00, 'tarjeta_debito', 'completado'),
    (112, 56, '2024-01-15 20:55:00', 22680.00, 'PayPal', 'pendiente'),
    (113, 57, '2025-01-06 20:24:00', 95040.00, 'PayPal', 'completado'),
    (114, 57, '2025-01-10 21:32:00', 142560.00, 'efectivo', 'COMPLETADO'),
    (115, 58, '2023-01-08 21:48:00', 123165.00, 'efectivo', 'completado'),
    (116, 58, '2023-01-12 23:09:00', 164220.00, 'domiciliación', 'pendiente'),
    (117, 59, '2024-01-10 23:12:00', 60480.00, 'domiciliación', 'completado'),
    (118, 59, '2024-01-14 23:46:00', 80640.00, 'cheque', 'pendiente'),
    (119, 60, '2025-01-13 00:36:00', 45144.00, 'cheque', 'completado'),
    (120, 60, '2025-01-17 01:23:00', 60192.00, ' transferencia_bancaria', 'pendiente'),
    (121, 61, '2024-01-09 18:00:00', 41400.00, ' transferencia_bancaria', 'completado'),
    (122, 61, '2024-01-13 19:00:00', 55200.00, 'tarjeta_credito ', 'pendiente'),
    (123, 62, '2025-01-11 19:24:00', 91854.00, 'tarjeta_credito ', 'completado'),
    (124, 62, '2025-01-15 20:37:00', 122472.00, 'transferencia_bancaria', 'pendiente'),
    (125, 63, '2024-01-13 20:48:00', 20196.00, 'transferencia_bancaria', 'completado'),
    (126, 63, '2024-01-17 22:14:00', 26928.00, 'tarjeta_credito', 'pendiente'),
    (127, 64, '2025-01-08 22:12:00', 52992.00, 'tarjeta_credito', 'completado'),
    (128, 64, '2025-01-12 22:51:00', 70656.00, 'tarjeta_debito', 'pendiente'),
    (129, 65, '2024-01-10 23:36:00', 64638.00, 'tarjeta_debito', 'completado'),
    (130, 65, '2024-01-15 00:28:00', 86184.00, 'PayPal', 'pendiente'),
    (131, 66, '2025-01-08 00:00:00', 99000.00, 'PayPal', 'completado'),
    (132, 66, '2025-01-12 01:05:00', 132000.00, 'efectivo', 'pendiente'),
    (133, 67, '2024-01-09 18:24:00', 104328.00, 'efectivo', 'completado'),
    (134, 67, '2024-01-13 19:42:00', 139104.00, 'domiciliación', 'pendiente'),
    (135, 68, '2025-01-11 19:48:00', 6426.00, 'domiciliación', 'completado'),
    (136, 68, '2025-01-15 20:19:00', 8568.00, 'cheque', 'pendiente'),
    (137, 69, '2024-01-13 21:12:00', 31680.00, 'cheque', 'completado'),
    (138, 69, '2024-01-17 21:56:00', 42240.00, ' transferencia_bancaria', 'pendiente'),
    (139, 70, '2025-01-15 22:36:00', 7866.00, ' transferencia_bancaria', 'completado'),
    (140, 70, '2025-01-19 23:33:00', 10488.00, 'tarjeta_credito ', 'pendiente'),
    (141, 71, '2024-01-05 23:00:00', 11340.00, 'tarjeta_credito ', 'completado'),
    (142, 71, '2024-01-10 00:10:00', 15120.00, 'transferencia_bancaria', 'pendiente'),
    (143, 72, '2025-01-07 23:24:00', 42768.00, 'transferencia_bancaria', 'completado'),
    (144, 72, '2025-01-12 00:47:00', 57024.00, 'tarjeta_credito', 'pendiente'),
    (145, 73, '2024-01-09 18:48:00', 42228.00, 'tarjeta_credito', 'completado'),
    (146, 73, '2024-01-13 19:24:00', 56304.00, 'tarjeta_debito', 'pendiente'),
    (147, 74, '2025-01-11 20:12:00', 60480.00, 'tarjeta_debito', 'completado'),
    (148, 74, '2025-01-15 21:01:00', 80640.00, 'PayPal', 'pendiente'),
    (149, 75, '2024-01-13 20:36:00', 79002.00, 'PayPal', 'completado'),
    (150, 75, '2024-01-17 21:38:00', 105336.00, 'efectivo', 'pendiente'),
    (151, 76, '2025-01-10 22:00:00', 207000.00, 'efectivo', 'completado'),
    (152, 76, '2025-01-14 23:15:00', 276000.00, 'domiciliación', 'pendiente'),
    (153, 78, '2025-01-07 23:48:00', 30294.00, 'cheque', 'completado'),
    (154, 78, '2025-01-12 00:29:00', 40392.00, ' transferencia_bancaria', 'pendiente');