INSERT INTO Usuario_Rol (ID_Usuario, ID_Rol, fecha_asignacion, fecha_eliminacion, estado) VALUES
    (1, 1, '2023-04-06 10:18:00', NULL, 'Activo '),
    (2, 3, '2023-06-07 11:29:00', NULL, 'activo '),
    (3, 4, '2023-08-08 12:40:00', NULL, 'activo'),
    (4, 9, '2023-10-09 13:51:00', NULL, 'ACTIVO'),
    (5, 2, '2023-05-07 11:25:00', NULL, 'activo '),
    (6, 3, '2023-07-08 12:36:00', NULL, 'activo'),
    (7, 4, '2023-09-09 13:47:00', NULL, 'ACTIVO'),
    (8, 10, '2023-11-10 14:58:00', NULL, 'Activo '),
    (9, 9, '2023-06-08 12:32:00', NULL, 'activo'),
    (10, 4, '2023-08-09 13:43:00', NULL, 'ACTIVO'),
    (11, 10, '2023-10-10 14:54:00', NULL, 'Activo '),
    (12, 8, '2023-12-11 15:05:00', NULL, 'activo '),
    (13, 2, '2023-07-12 13:39:00', NULL, 'ACTIVO'),
    (14, 3, '2023-09-13 14:50:00', NULL, 'Activo '),
    (15, 4, '2023-11-14 15:01:00', NULL, 'activo '),
    (16, 9, '2023-01-15 16:12:00', NULL, 'activo'),
    (17, 1, '2023-08-13 14:46:00', NULL, 'Activo '),
    (18, 3, '2023-10-14 15:57:00', NULL, 'activo '),
    (19, 4, '2023-12-15 16:08:00', NULL, 'activo'),
    (20, 10, '2023-02-16 08:19:00', NULL, 'ACTIVO'),
    (21, 9, '2023-09-14 15:53:00', NULL, 'activo '),
    (22, 4, '2023-11-15 16:04:00', NULL, 'activo'),
    (23, 10, '2023-01-16 08:15:00', NULL, 'ACTIVO'),
    (24, 8, '2023-03-17 09:26:00', NULL, 'Activo '),
    (25, 1, '2023-10-18 16:00:00', NULL, 'activo'),
    (26, 3, '2023-12-19 08:11:00', NULL, 'ACTIVO'),
    (27, 4, '2023-02-20 09:22:00', NULL, 'Activo '),
    (28, 9, '2023-04-21 10:33:00', NULL, 'activo '),
    (29, 2, '2023-11-19 08:07:00', NULL, 'ACTIVO'),
    (30, 3, '2023-01-20 09:18:00', NULL, 'Activo '),
    (31, 4, '2023-03-21 10:29:00', NULL, 'activo '),
    (32, 10, '2023-05-22 11:40:00', NULL, 'activo'),
    (33, 9, '2023-12-20 09:14:00', NULL, 'Activo '),
    (34, 4, '2023-02-21 10:25:00', NULL, 'activo '),
    (35, 10, '2023-04-22 11:36:00', NULL, 'activo'),
    (36, 8, '2023-06-23 12:47:00', NULL, 'ACTIVO'),
    (37, 2, '2023-01-24 10:21:00', NULL, 'activo '),
    (38, 3, '2023-03-01 11:32:00', NULL, 'activo'),
    (39, 4, '2023-05-02 12:43:00', NULL, 'ACTIVO'),
    (40, 9, '2023-07-03 13:54:00', NULL, 'Activo '),
    (41, 1, '2023-02-01 11:28:00', NULL, 'activo'),
    (42, 3, '2023-04-02 12:39:00', NULL, 'ACTIVO'),
    (43, 4, '2023-06-03 13:50:00', NULL, 'Activo '),
    (44, 10, '2023-08-04 14:01:00', NULL, 'activo '),
    (45, 9, '2023-03-02 12:35:00', NULL, 'ACTIVO'),
    (46, 4, '2023-05-03 13:46:00', NULL, 'Activo '),
    (47, 10, '2023-07-04 14:57:00', NULL, 'activo '),
    (48, 8, '2023-09-05 15:08:00', NULL, 'activo'),
    (49, 1, '2023-04-06 13:42:00', NULL, 'Activo '),
    (50, 3, '2023-06-07 14:53:00', NULL, 'activo '),
    (51, 4, '2023-08-08 15:04:00', NULL, 'activo'),
    (52, 9, '2023-10-09 16:15:00', NULL, 'ACTIVO'),
    (53, 2, '2023-05-07 14:49:00', NULL, 'activo '),
    (54, 3, '2023-07-08 15:00:00', NULL, 'activo'),
    (55, 4, '2023-09-09 16:11:00', NULL, 'ACTIVO'),
    (56, 10, '2023-11-10 08:22:00', NULL, 'Activo '),
    (57, 9, '2023-06-08 15:56:00', NULL, 'activo'),
    (58, 4, '2023-08-09 16:07:00', NULL, 'ACTIVO'),
    (59, 10, '2023-10-10 08:18:00', NULL, 'Activo '),
    (60, 8, '2023-12-11 09:29:00', NULL, 'activo '),
    (61, 2, '2023-07-12 16:03:00', NULL, 'ACTIVO'),
    (62, 3, '2023-09-13 08:14:00', NULL, 'Activo '),
    (63, 4, '2023-11-14 09:25:00', NULL, 'activo '),
    (64, 9, '2023-01-15 10:36:00', NULL, 'activo'),
    (65, 1, '2023-08-13 08:10:00', NULL, 'Activo '),
    (66, 3, '2023-10-14 09:21:00', NULL, 'activo '),
    (67, 4, '2023-12-15 10:32:00', NULL, 'activo'),
    (68, 10, '2023-02-16 11:43:00', NULL, 'ACTIVO'),
    (69, 9, '2023-09-14 09:17:00', NULL, 'activo '),
    (70, 4, '2023-11-15 10:28:00', NULL, 'activo'),
    (71, 10, '2023-01-16 11:39:00', NULL, 'ACTIVO'),
    (72, 8, '2023-03-17 12:50:00', NULL, 'Activo '),
    (73, 1, '2023-10-18 10:24:00', NULL, 'activo'),
    (74, 3, '2023-12-19 11:35:00', NULL, 'ACTIVO'),
    (75, 4, '2023-02-20 12:46:00', NULL, 'Activo '),
    (76, 9, '2023-04-21 13:57:00', NULL, 'activo '),
    (77, 2, '2023-11-19 11:31:00', NULL, 'ACTIVO'),
    (78, 3, '2023-01-20 12:42:00', NULL, 'Activo '),
    (79, 4, '2023-03-21 13:53:00', NULL, 'activo '),
    (80, 10, '2023-05-22 14:04:00', NULL, 'activo'),
    (81, 9, '2023-12-20 12:38:00', NULL, 'Activo '),
    (82, 4, '2023-02-21 13:49:00', NULL, 'activo '),
    (83, 10, '2023-04-22 14:00:00', NULL, 'activo'),
    (84, 8, '2023-06-23 15:11:00', NULL, 'ACTIVO'),
    (85, 2, '2023-01-24 13:45:00', NULL, 'activo '),
    (86, 3, '2023-03-01 14:56:00', NULL, 'activo'),
    (87, 4, '2023-05-02 15:07:00', NULL, 'ACTIVO'),
    (88, 9, '2023-07-03 16:18:00', NULL, 'Activo '),
    (89, 1, '2023-02-01 14:52:00', NULL, 'activo'),
    (90, 3, '2023-04-02 15:03:00', NULL, 'ACTIVO'),
    (91, 4, '2023-06-03 16:14:00', NULL, 'Activo '),
    (92, 10, '2023-08-04 08:25:00', NULL, 'activo '),
    (93, 9, '2023-03-02 15:59:00', NULL, 'ACTIVO'),
    (94, 4, '2023-05-03 16:10:00', NULL, 'Activo '),
    (95, 10, '2023-07-04 08:21:00', NULL, 'activo '),
    (96, 8, '2023-09-05 09:32:00', NULL, 'activo'),
    (97, 1, '2023-04-06 16:06:00', NULL, 'Activo '),
    (98, 3, '2023-06-07 08:17:00', NULL, 'activo '),
    (99, 4, '2023-08-08 09:28:00', NULL, 'activo'),
    (100, 9, '2023-10-09 10:39:00', NULL, 'ACTIVO'),
    (101, 2, '2023-05-07 08:13:00', NULL, 'activo '),
    (102, 3, '2023-07-08 09:24:00', NULL, 'activo'),
    (103, 4, '2023-09-09 10:35:00', NULL, 'ACTIVO'),
    (104, 10, '2023-11-10 11:46:00', NULL, 'Activo '),
    (105, 9, '2023-06-08 09:20:00', NULL, 'activo'),
    (106, 4, '2023-08-09 10:31:00', NULL, 'ACTIVO'),
    (107, 10, '2023-10-10 11:42:00', NULL, 'Activo '),
    (108, 8, '2023-12-11 12:53:00', NULL, 'activo '),
    (109, 2, '2023-07-12 10:27:00', NULL, 'ACTIVO'),
    (110, 3, '2023-09-13 11:38:00', NULL, 'Activo '),
    (111, 4, '2023-11-14 12:49:00', NULL, 'activo '),
    (112, 9, '2023-01-15 13:00:00', NULL, 'activo'),
    (113, 1, '2023-08-13 11:34:00', NULL, 'Activo '),
    (114, 3, '2023-10-14 12:45:00', NULL, 'activo '),
    (115, 4, '2023-12-15 13:56:00', NULL, 'activo'),
    (116, 10, '2023-02-16 14:07:00', NULL, 'ACTIVO'),
    (117, 9, '2023-09-14 12:41:00', NULL, 'activo '),
    (118, 4, '2023-11-15 13:52:00', NULL, 'activo'),
    (119, 10, '2023-01-16 14:03:00', NULL, 'ACTIVO'),
    (120, 8, '2023-03-17 15:14:00', NULL, 'Activo '),
    (121, 1, '2023-10-18 13:48:00', NULL, 'activo'),
    (122, 3, '2023-12-19 14:59:00', NULL, 'ACTIVO'),
    (123, 4, '2023-02-20 15:10:00', NULL, 'Activo '),
    (124, 9, '2023-04-21 16:21:00', NULL, 'activo '),
    (125, 2, '2023-11-19 14:55:00', NULL, 'ACTIVO'),
    (126, 3, '2023-01-20 15:06:00', NULL, 'Activo '),
    (127, 4, '2023-03-21 16:17:00', NULL, 'activo '),
    (128, 10, '2023-05-22 08:28:00', NULL, 'activo'),
    (129, 9, '2023-12-20 15:02:00', NULL, 'Activo '),
    (130, 4, '2023-02-21 16:13:00', NULL, 'activo '),
    (131, 10, '2023-04-22 08:24:00', NULL, 'activo'),
    (132, 8, '2023-06-23 09:35:00', NULL, 'ACTIVO'),
    (133, 2, '2023-01-24 16:09:00', NULL, 'activo '),
    (134, 3, '2023-03-01 08:20:00', NULL, 'activo'),
    (135, 4, '2023-05-02 09:31:00', NULL, 'ACTIVO'),
    (136, 9, '2023-07-03 10:42:00', NULL, 'Activo '),
    (137, 1, '2023-02-01 08:16:00', NULL, 'activo'),
    (138, 3, '2023-04-02 09:27:00', NULL, 'ACTIVO'),
    (139, 4, '2023-06-03 10:38:00', NULL, 'Activo '),
    (140, 10, '2023-08-04 11:49:00', NULL, 'activo '),
    (141, 9, '2023-03-02 09:23:00', NULL, 'ACTIVO'),
    (142, 4, '2023-05-03 10:34:00', NULL, 'Activo '),
    (143, 10, '2023-07-04 11:45:00', NULL, 'activo '),
    (144, 8, '2023-09-05 12:56:00', NULL, 'activo'),
    (145, 1, '2023-04-06 10:30:00', NULL, 'Activo '),
    (146, 3, '2023-06-07 11:41:00', NULL, 'activo '),
    (147, 4, '2023-08-08 12:52:00', NULL, 'activo'),
    (148, 9, '2023-10-09 13:03:00', NULL, 'ACTIVO'),
    (149, 2, '2023-05-07 11:37:00', NULL, 'activo '),
    (150, 3, '2023-07-08 12:48:00', NULL, 'activo'),
    (151, 4, '2023-09-09 13:59:00', NULL, 'ACTIVO'),
    (152, 10, '2023-11-10 14:10:00', NULL, 'Activo '),
    (153, 9, '2023-06-08 12:44:00', NULL, 'activo'),
    (154, 4, '2023-08-09 13:55:00', NULL, 'ACTIVO'),
    (155, 10, '2023-10-10 14:06:00', NULL, 'Activo '),
    (156, 8, '2023-12-11 15:17:00', NULL, 'activo '),
    (157, 2, '2023-07-12 13:51:00', NULL, 'ACTIVO'),
    (158, 3, '2023-09-13 14:02:00', NULL, 'Activo '),
    (159, 4, '2023-11-14 15:13:00', NULL, 'activo '),
    (160, 9, '2023-01-15 16:24:00', NULL, 'activo'),
    (161, 1, '2023-08-13 14:58:00', NULL, 'Activo '),
    (162, 3, '2023-10-14 15:09:00', NULL, 'activo '),
    (163, 4, '2023-12-15 16:20:00', NULL, 'activo'),
    (164, 10, '2023-02-16 08:31:00', NULL, 'ACTIVO'),
    (165, 9, '2023-09-14 15:05:00', NULL, 'activo '),
    (166, 4, '2023-11-15 16:16:00', NULL, 'activo'),
    (167, 10, '2023-01-16 08:27:00', NULL, 'ACTIVO'),
    (168, 8, '2023-03-17 09:38:00', NULL, 'Activo '),
    (169, 1, '2023-10-18 16:12:00', NULL, 'activo'),
    (170, 3, '2023-12-19 08:23:00', NULL, 'ACTIVO'),
    (171, 4, '2023-02-20 09:34:00', NULL, 'Activo '),
    (172, 9, '2023-04-21 10:45:00', NULL, 'activo '),
    (173, 2, '2023-11-19 08:19:00', NULL, 'ACTIVO'),
    (174, 3, '2023-01-20 09:30:00', NULL, 'Activo '),
    (175, 4, '2023-03-21 10:41:00', NULL, 'activo '),
    (176, 10, '2023-05-22 11:52:00', NULL, 'activo'),
    (177, 9, '2023-12-20 09:26:00', NULL, 'Activo '),
    (178, 4, '2023-02-21 10:37:00', NULL, 'activo '),
    (179, 10, '2023-04-22 11:48:00', NULL, 'activo'),
    (180, 8, '2023-06-23 12:59:00', NULL, 'ACTIVO'),
    (181, 2, '2023-01-24 10:33:00', NULL, 'activo '),
    (182, 3, '2023-03-01 11:44:00', NULL, 'activo'),
    (183, 4, '2023-05-02 12:55:00', NULL, 'ACTIVO'),
    (184, 9, '2023-07-03 13:06:00', NULL, 'Activo '),
    (185, 1, '2023-02-01 11:40:00', NULL, 'activo'),
    (186, 3, '2023-04-02 12:51:00', NULL, 'ACTIVO'),
    (187, 4, '2023-06-03 13:02:00', NULL, 'Activo '),
    (188, 10, '2023-08-04 14:13:00', NULL, 'activo '),
    (189, 9, '2023-03-02 12:47:00', NULL, 'ACTIVO'),
    (190, 4, '2023-05-03 13:58:00', NULL, 'Activo '),
    (191, 10, '2023-07-04 14:09:00', NULL, 'activo '),
    (192, 8, '2023-09-05 15:20:00', NULL, 'activo'),
    (193, 1, '2023-04-06 13:54:00', NULL, 'Activo '),
    (194, 3, '2023-06-07 14:05:00', NULL, 'activo '),
    (195, 4, '2023-08-08 15:16:00', NULL, 'activo'),
    (196, 9, '2023-10-09 16:27:00', NULL, 'ACTIVO'),
    (197, 2, '2023-05-07 14:01:00', NULL, 'activo '),
    (198, 3, '2023-07-08 15:12:00', NULL, 'activo'),
    (199, 4, '2023-09-09 16:23:00', NULL, 'ACTIVO'),
    (200, 10, '2023-11-10 08:34:00', NULL, 'Activo '),
    (201, 9, '2023-06-08 15:08:00', NULL, 'activo'),
    (202, 4, '2023-08-09 16:19:00', NULL, 'ACTIVO'),
    (203, 10, '2023-10-10 08:30:00', NULL, 'Activo '),
    (204, 8, '2023-12-11 09:41:00', NULL, 'activo '),
    (205, 2, '2023-07-12 16:15:00', NULL, 'ACTIVO'),
    (206, 3, '2023-09-13 08:26:00', NULL, 'Activo '),
    (207, 4, '2023-11-14 09:37:00', NULL, 'activo '),
    (208, 9, '2023-01-15 10:48:00', NULL, 'activo'),
    (209, 1, '2023-08-13 08:22:00', NULL, 'Activo '),
    (210, 3, '2023-10-14 09:33:00', NULL, 'activo '),
    (211, 4, '2023-12-15 10:44:00', NULL, 'activo'),
    (212, 10, '2023-02-16 11:55:00', NULL, 'ACTIVO'),
    (213, 9, '2023-09-14 09:29:00', NULL, 'activo '),
    (214, 4, '2023-11-15 10:40:00', NULL, 'activo'),
    (215, 10, '2023-01-16 11:51:00', NULL, 'ACTIVO'),
    (216, 8, '2023-03-17 12:02:00', NULL, 'Activo '),
    (217, 1, '2023-10-18 10:36:00', NULL, 'activo'),
    (218, 3, '2023-12-19 11:47:00', NULL, 'ACTIVO'),
    (219, 4, '2023-02-20 12:58:00', NULL, 'Activo '),
    (220, 9, '2023-04-21 13:09:00', NULL, 'activo '),
    (221, 2, '2023-11-19 11:43:00', NULL, 'ACTIVO'),
    (222, 3, '2023-01-20 12:54:00', NULL, 'Activo '),
    (223, 4, '2023-03-21 13:05:00', NULL, 'activo '),
    (224, 10, '2023-05-22 14:16:00', NULL, 'activo'),
    (225, 9, '2023-12-20 12:50:00', NULL, 'Activo '),
    (226, 4, '2023-02-21 13:01:00', NULL, 'activo '),
    (227, 10, '2023-04-22 14:12:00', NULL, 'activo'),
    (228, 8, '2023-06-23 15:23:00', NULL, 'ACTIVO'),
    (229, 2, '2023-01-24 13:57:00', NULL, 'activo '),
    (230, 3, '2023-03-01 14:08:00', NULL, 'activo'),
    (231, 4, '2023-05-02 15:19:00', NULL, 'ACTIVO'),
    (232, 9, '2023-07-03 16:30:00', NULL, 'Activo '),
    (233, 1, '2023-02-01 14:04:00', NULL, 'activo'),
    (234, 3, '2023-04-02 15:15:00', NULL, 'ACTIVO'),
    (235, 4, '2023-06-03 16:26:00', NULL, 'Activo '),
    (236, 10, '2023-08-04 08:37:00', NULL, 'activo '),
    (237, 9, '2023-03-02 15:11:00', NULL, 'ACTIVO'),
    (238, 4, '2023-05-03 16:22:00', NULL, 'Activo '),
    (239, 10, '2023-07-04 08:33:00', NULL, 'activo '),
    (240, 8, '2023-09-05 09:44:00', NULL, 'activo'),
    (241, 1, '2024-04-06 16:18:00', NULL, 'Activo '),
    (242, 3, '2024-06-07 08:29:00', NULL, 'activo '),
    (243, 4, '2024-08-08 09:40:00', NULL, 'activo'),
    (244, 9, '2024-10-09 10:51:00', NULL, 'ACTIVO'),
    (245, 2, '2024-05-07 08:25:00', NULL, 'activo '),
    (246, 3, '2024-07-08 09:36:00', NULL, 'activo'),
    (247, 4, '2024-09-09 10:47:00', NULL, 'ACTIVO'),
    (248, 10, '2024-11-10 11:58:00', NULL, 'Activo '),
    (249, 9, '2024-06-08 09:32:00', NULL, 'activo'),
    (250, 4, '2024-08-09 10:43:00', NULL, 'ACTIVO'),
    (251, 10, '2024-10-10 11:54:00', NULL, 'Activo '),
    (252, 8, '2024-12-11 12:05:00', NULL, 'activo '),
    (253, 2, '2024-07-12 10:39:00', NULL, 'ACTIVO'),
    (254, 3, '2024-09-13 11:50:00', NULL, 'Activo '),
    (255, 4, '2024-11-14 12:01:00', NULL, 'activo '),
    (256, 9, '2024-01-15 13:12:00', NULL, 'activo'),
    (257, 1, '2024-08-13 11:46:00', NULL, 'Activo '),
    (258, 3, '2024-10-14 12:57:00', NULL, 'activo '),
    (259, 4, '2024-12-15 13:08:00', NULL, 'activo'),
    (260, 10, '2024-02-16 14:19:00', NULL, 'ACTIVO'),
    (261, 9, '2024-09-14 12:53:00', NULL, 'activo '),
    (262, 4, '2024-11-15 13:04:00', NULL, 'activo'),
    (263, 10, '2024-01-16 14:15:00', NULL, 'ACTIVO'),
    (264, 8, '2024-03-17 15:26:00', NULL, 'Activo '),
    (265, 1, '2024-10-18 13:00:00', NULL, 'activo'),
    (266, 3, '2024-12-19 14:11:00', NULL, 'ACTIVO'),
    (267, 4, '2024-02-20 15:22:00', NULL, 'Activo '),
    (268, 9, '2024-04-21 16:33:00', NULL, 'activo '),
    (269, 2, '2024-11-19 14:07:00', NULL, 'ACTIVO'),
    (270, 3, '2024-01-20 15:18:00', NULL, 'Activo '),
    (271, 4, '2024-03-21 16:29:00', NULL, 'activo '),
    (272, 10, '2024-05-22 08:40:00', NULL, 'activo'),
    (273, 9, '2024-12-20 15:14:00', NULL, 'Activo '),
    (274, 4, '2024-02-21 16:25:00', NULL, 'activo '),
    (275, 10, '2024-04-22 08:36:00', NULL, 'activo'),
    (276, 8, '2024-06-23 09:47:00', NULL, 'ACTIVO'),
    (277, 2, '2024-01-24 16:21:00', NULL, 'activo '),
    (278, 3, '2024-03-01 08:32:00', NULL, 'activo'),
    (279, 4, '2024-05-02 09:43:00', NULL, 'ACTIVO'),
    (280, 9, '2024-07-03 10:54:00', NULL, 'Activo '),
    (281, 1, '2024-02-01 08:28:00', NULL, 'activo'),
    (282, 3, '2024-04-02 09:39:00', NULL, 'ACTIVO'),
    (283, 4, '2024-06-03 10:50:00', NULL, 'Activo '),
    (284, 10, '2024-08-04 11:01:00', NULL, 'activo '),
    (285, 9, '2024-03-02 09:35:00', NULL, 'ACTIVO'),
    (286, 4, '2024-05-03 10:46:00', NULL, 'Activo '),
    (287, 10, '2024-07-04 11:57:00', NULL, 'activo '),
    (288, 8, '2024-09-05 12:08:00', NULL, 'activo'),
    (289, 1, '2024-04-06 10:42:00', NULL, 'Activo '),
    (290, 3, '2024-06-07 11:53:00', NULL, 'activo '),
    (291, 4, '2024-08-08 12:04:00', NULL, 'activo'),
    (292, 9, '2024-10-09 13:15:00', NULL, 'ACTIVO'),
    (293, 2, '2024-05-07 11:49:00', NULL, 'activo '),
    (294, 3, '2024-07-08 12:00:00', NULL, 'activo'),
    (295, 4, '2024-09-09 13:11:00', NULL, 'ACTIVO'),
    (296, 10, '2024-11-10 14:22:00', NULL, 'Activo '),
    (297, 9, '2024-06-08 12:56:00', NULL, 'activo'),
    (298, 4, '2024-08-09 13:07:00', NULL, 'ACTIVO'),
    (299, 10, '2024-10-10 14:18:00', NULL, 'Activo '),
    (300, 8, '2024-12-11 15:29:00', NULL, 'activo '),
    (301, 2, '2024-07-12 13:03:00', NULL, 'ACTIVO'),
    (302, 3, '2024-09-13 14:14:00', NULL, 'Activo '),
    (303, 4, '2024-11-14 15:25:00', NULL, 'activo '),
    (304, 9, '2024-01-15 16:36:00', NULL, 'activo'),
    (305, 1, '2024-08-13 14:10:00', NULL, 'Activo '),
    (306, 3, '2024-10-14 15:21:00', NULL, 'activo '),
    (307, 4, '2024-12-15 16:32:00', NULL, 'activo'),
    (308, 10, '2024-02-16 08:43:00', NULL, 'ACTIVO'),
    (309, 9, '2024-09-14 15:17:00', NULL, 'activo '),
    (310, 4, '2024-11-15 16:28:00', NULL, 'activo'),
    (311, 10, '2024-01-16 08:39:00', NULL, 'ACTIVO'),
    (312, 8, '2024-03-17 09:50:00', NULL, 'Activo '),
    (313, 1, '2024-10-18 16:24:00', NULL, 'activo'),
    (314, 3, '2024-12-19 08:35:00', NULL, 'ACTIVO'),
    (315, 4, '2024-02-20 09:46:00', NULL, 'Activo '),
    (316, 9, '2024-04-21 10:57:00', NULL, 'activo '),
    (317, 2, '2024-11-19 08:31:00', NULL, 'ACTIVO'),
    (318, 3, '2024-01-20 09:42:00', NULL, 'Activo '),
    (319, 4, '2024-03-21 10:53:00', NULL, 'activo '),
    (320, 10, '2024-05-22 11:04:00', NULL, 'activo'),
    (321, 9, '2024-12-20 09:38:00', NULL, 'Activo '),
    (322, 4, '2024-02-21 10:49:00', NULL, 'activo '),
    (323, 10, '2024-04-22 11:00:00', NULL, 'activo'),
    (324, 8, '2024-06-23 12:11:00', NULL, 'ACTIVO'),
    (325, 2, '2024-01-24 10:45:00', NULL, 'activo '),
    (326, 3, '2024-03-01 11:56:00', NULL, 'activo'),
    (327, 4, '2024-05-02 12:07:00', NULL, 'ACTIVO'),
    (328, 9, '2024-07-03 13:18:00', NULL, 'Activo '),
    (329, 1, '2024-02-01 11:52:00', NULL, 'activo'),
    (330, 3, '2024-04-02 12:03:00', NULL, 'ACTIVO'),
    (331, 4, '2024-06-03 13:14:00', NULL, 'Activo '),
    (332, 10, '2024-08-04 14:25:00', NULL, 'activo '),
    (333, 9, '2024-03-02 12:59:00', NULL, 'ACTIVO'),
    (334, 4, '2024-05-03 13:10:00', NULL, 'Activo '),
    (335, 10, '2024-07-04 14:21:00', NULL, 'activo '),
    (336, 8, '2024-09-05 15:32:00', NULL, 'activo'),
    (337, 1, '2024-04-06 13:06:00', NULL, 'Activo '),
    (338, 3, '2024-06-07 14:17:00', NULL, 'activo '),
    (339, 4, '2024-08-08 15:28:00', NULL, 'activo'),
    (340, 9, '2024-10-09 16:39:00', NULL, 'ACTIVO'),
    (341, 2, '2024-05-07 14:13:00', NULL, 'activo '),
    (342, 3, '2024-07-08 15:24:00', NULL, 'activo'),
    (343, 4, '2024-09-09 16:35:00', NULL, 'ACTIVO'),
    (344, 10, '2024-11-10 08:46:00', NULL, 'Activo '),
    (345, 9, '2024-06-08 15:20:00', NULL, 'activo'),
    (346, 4, '2024-08-09 16:31:00', NULL, 'ACTIVO'),
    (347, 10, '2024-10-10 08:42:00', NULL, 'Activo '),
    (348, 8, '2024-12-11 09:53:00', NULL, 'activo '),
    (349, 2, '2024-07-12 16:27:00', NULL, 'ACTIVO'),
    (350, 3, '2024-09-13 08:38:00', NULL, 'Activo '),
    (351, 4, '2024-11-14 09:49:00', NULL, 'activo '),
    (352, 9, '2024-01-15 10:00:00', NULL, 'activo'),
    (353, 1, '2024-08-13 08:34:00', NULL, 'Activo '),
    (354, 3, '2024-10-14 09:45:00', NULL, 'activo '),
    (355, 4, '2024-12-15 10:56:00', NULL, 'activo'),
    (356, 10, '2024-02-16 11:07:00', NULL, 'ACTIVO'),
    (357, 9, '2024-09-14 09:41:00', NULL, 'activo '),
    (358, 4, '2024-11-15 10:52:00', NULL, 'activo'),
    (359, 10, '2024-01-16 11:03:00', NULL, 'ACTIVO'),
    (360, 8, '2024-03-17 12:14:00', NULL, 'Activo '),
    (361, 1, '2024-10-18 10:48:00', NULL, 'activo'),
    (362, 3, '2024-12-19 11:59:00', NULL, 'ACTIVO'),
    (363, 4, '2024-02-20 12:10:00', NULL, 'Activo '),
    (364, 9, '2024-04-21 13:21:00', NULL, 'activo '),
    (365, 2, '2024-11-19 11:55:00', NULL, 'ACTIVO'),
    (366, 3, '2024-01-20 12:06:00', NULL, 'Activo '),
    (367, 4, '2024-03-21 13:17:00', NULL, 'activo '),
    (368, 10, '2024-05-22 14:28:00', NULL, 'activo'),
    (369, 9, '2024-12-20 12:02:00', NULL, 'Activo '),
    (370, 4, '2024-02-21 13:13:00', NULL, 'activo '),
    (371, 10, '2024-04-22 14:24:00', NULL, 'activo'),
    (372, 8, '2024-06-23 15:35:00', NULL, 'ACTIVO'),
    (373, 2, '2024-01-24 13:09:00', NULL, 'activo '),
    (374, 3, '2024-03-01 14:20:00', NULL, 'activo'),
    (375, 4, '2024-05-02 15:31:00', NULL, 'ACTIVO'),
    (376, 9, '2024-07-03 16:42:00', NULL, 'Activo '),
    (377, 1, '2024-02-01 14:16:00', NULL, 'activo'),
    (378, 3, '2024-04-02 15:27:00', NULL, 'ACTIVO'),
    (379, 4, '2024-06-03 16:38:00', NULL, 'Activo '),
    (380, 10, '2024-08-04 08:49:00', NULL, 'activo '),
    (381, 9, '2024-03-02 15:23:00', NULL, 'ACTIVO'),
    (382, 4, '2024-05-03 16:34:00', NULL, 'Activo '),
    (383, 10, '2024-07-04 08:45:00', NULL, 'activo '),
    (384, 8, '2024-09-05 09:56:00', NULL, 'activo'),
    (385, 1, '2024-04-06 16:30:00', NULL, 'Activo '),
    (386, 3, '2024-06-07 08:41:00', NULL, 'activo '),
    (387, 4, '2024-08-08 09:52:00', NULL, 'activo'),
    (388, 9, '2024-10-09 10:03:00', NULL, 'ACTIVO'),
    (389, 2, '2024-05-07 08:37:00', NULL, 'activo '),
    (390, 3, '2024-07-08 09:48:00', NULL, 'activo'),
    (391, 4, '2024-09-09 10:59:00', NULL, 'ACTIVO'),
    (392, 10, '2024-11-10 11:10:00', NULL, 'Activo '),
    (393, 9, '2024-06-08 09:44:00', NULL, 'activo'),
    (394, 4, '2024-08-09 10:55:00', NULL, 'ACTIVO'),
    (395, 10, '2024-10-10 11:06:00', NULL, 'Activo '),
    (396, 8, '2024-12-11 12:17:00', NULL, 'activo '),
    (397, 2, '2024-07-12 10:51:00', NULL, 'ACTIVO'),
    (398, 3, '2024-09-13 11:02:00', NULL, 'Activo '),
    (399, 4, '2024-11-14 12:13:00', NULL, 'activo '),
    (400, 9, '2024-01-15 13:24:00', NULL, 'activo'),
    (401, 1, '2024-08-13 11:58:00', NULL, 'Activo '),
    (402, 3, '2024-10-14 12:09:00', NULL, 'activo '),
    (403, 4, '2024-12-15 13:20:00', NULL, 'activo'),
    (404, 10, '2024-02-16 14:31:00', NULL, 'ACTIVO'),
    (405, 9, '2024-09-14 12:05:00', NULL, 'activo '),
    (406, 4, '2024-11-15 13:16:00', NULL, 'activo'),
    (407, 10, '2024-01-16 14:27:00', NULL, 'ACTIVO'),
    (408, 8, '2024-03-17 15:38:00', NULL, 'Activo '),
    (409, 1, '2024-10-18 13:12:00', NULL, 'activo'),
    (410, 3, '2024-12-19 14:23:00', NULL, 'ACTIVO'),
    (411, 4, '2024-02-20 15:34:00', NULL, 'Activo '),
    (412, 9, '2024-04-21 16:45:00', NULL, 'activo '),
    (413, 2, '2024-11-19 14:19:00', NULL, 'ACTIVO'),
    (414, 3, '2024-01-20 15:30:00', NULL, 'Activo '),
    (415, 4, '2024-03-21 16:41:00', NULL, 'activo '),
    (416, 10, '2024-05-22 08:52:00', NULL, 'activo'),
    (417, 9, '2024-12-20 15:26:00', NULL, 'Activo '),
    (418, 4, '2024-02-21 16:37:00', NULL, 'activo '),
    (419, 10, '2024-04-22 08:48:00', NULL, 'activo'),
    (420, 8, '2024-06-23 09:59:00', NULL, 'ACTIVO'),
    (421, 2, '2024-01-24 16:33:00', NULL, 'activo '),
    (422, 3, '2024-03-01 08:44:00', NULL, 'activo'),
    (423, 4, '2024-05-02 09:55:00', NULL, 'ACTIVO'),
    (424, 9, '2024-07-03 10:06:00', NULL, 'Activo '),
    (425, 1, '2024-02-01 08:40:00', NULL, 'activo'),
    (426, 3, '2024-04-02 09:51:00', NULL, 'ACTIVO'),
    (427, 4, '2024-06-03 10:02:00', NULL, 'Activo '),
    (428, 10, '2024-08-04 11:13:00', NULL, 'activo '),
    (429, 9, '2024-03-02 09:47:00', NULL, 'ACTIVO'),
    (430, 4, '2024-05-03 10:58:00', NULL, 'Activo '),
    (431, 10, '2024-07-04 11:09:00', NULL, 'activo '),
    (432, 8, '2024-09-05 12:20:00', NULL, 'activo'),
    (433, 1, '2024-04-06 10:54:00', NULL, 'Activo '),
    (434, 3, '2024-06-07 11:05:00', NULL, 'activo '),
    (435, 4, '2024-08-08 12:16:00', NULL, 'activo'),
    (436, 9, '2024-10-09 13:27:00', NULL, 'ACTIVO'),
    (437, 2, '2024-05-07 11:01:00', NULL, 'activo '),
    (438, 3, '2024-07-08 12:12:00', NULL, 'activo'),
    (439, 4, '2024-09-09 13:23:00', NULL, 'ACTIVO'),
    (440, 10, '2024-11-10 14:34:00', NULL, 'Activo '),
    (441, 9, '2024-06-08 12:08:00', NULL, 'activo'),
    (442, 4, '2024-08-09 13:19:00', NULL, 'ACTIVO'),
    (443, 10, '2024-10-10 14:30:00', NULL, 'Activo '),
    (444, 8, '2024-12-11 15:41:00', NULL, 'activo '),
    (445, 2, '2024-07-12 13:15:00', NULL, 'ACTIVO'),
    (446, 3, '2024-09-13 14:26:00', NULL, 'Activo '),
    (447, 4, '2024-11-14 15:37:00', NULL, 'activo '),
    (448, 9, '2024-01-15 16:48:00', NULL, 'activo'),
    (449, 1, '2024-08-13 14:22:00', NULL, 'Activo '),
    (450, 3, '2024-10-14 15:33:00', NULL, 'activo '),
    (451, 4, '2024-12-15 16:44:00', NULL, 'activo'),
    (452, 10, '2024-02-16 08:55:00', NULL, 'ACTIVO'),
    (453, 9, '2024-09-14 15:29:00', NULL, 'activo '),
    (454, 4, '2024-11-15 16:40:00', NULL, 'activo'),
    (455, 10, '2024-01-16 08:51:00', NULL, 'ACTIVO'),
    (456, 8, '2024-03-17 09:02:00', NULL, 'Activo '),
    (457, 1, '2024-10-18 16:36:00', NULL, 'activo'),
    (458, 3, '2024-12-19 08:47:00', NULL, 'ACTIVO'),
    (459, 4, '2024-02-20 09:58:00', NULL, 'Activo '),
    (460, 9, '2024-04-21 10:09:00', NULL, 'activo '),
    (461, 2, '2024-11-19 08:43:00', NULL, 'ACTIVO'),
    (462, 3, '2024-01-20 09:54:00', NULL, 'Activo '),
    (463, 4, '2024-03-21 10:05:00', NULL, 'activo '),
    (464, 10, '2024-05-22 11:16:00', NULL, 'activo'),
    (465, 9, '2024-12-20 09:50:00', NULL, 'Activo '),
    (466, 4, '2024-02-21 10:01:00', NULL, 'activo '),
    (467, 10, '2024-04-22 11:12:00', NULL, 'activo'),
    (468, 8, '2024-06-23 12:23:00', NULL, 'ACTIVO'),
    (469, 2, '2024-01-24 10:57:00', NULL, 'activo '),
    (470, 3, '2024-03-01 11:08:00', NULL, 'activo'),
    (471, 4, '2024-05-02 12:19:00', NULL, 'ACTIVO'),
    (472, 9, '2024-07-03 13:30:00', NULL, 'Activo '),
    (473, 1, '2024-02-01 11:04:00', NULL, 'activo'),
    (474, 3, '2024-04-02 12:15:00', NULL, 'ACTIVO'),
    (475, 4, '2024-06-03 13:26:00', NULL, 'Activo '),
    (476, 10, '2024-08-04 14:37:00', NULL, 'activo '),
    (477, 9, '2024-03-02 12:11:00', NULL, 'ACTIVO'),
    (478, 4, '2024-05-03 13:22:00', NULL, 'Activo '),
    (479, 10, '2024-07-04 14:33:00', NULL, 'activo '),
    (480, 8, '2024-09-05 15:44:00', NULL, 'activo'),
    (481, 1, '2025-04-06 13:18:00', NULL, 'Activo '),
    (481, 5, '2025-05-01 14:18:00', '2025-08-29 14:18:00', 'activo'),
    (482, 3, '2025-06-07 14:29:00', NULL, 'activo '),
    (483, 4, '2025-08-08 15:40:00', NULL, 'activo'),
    (483, 7, '2025-08-18 18:40:00', '2025-11-01 18:40:00', 'activo'),
    (484, 9, '2025-10-09 16:51:00', NULL, 'ACTIVO'),
    (485, 2, '2025-05-07 14:25:00', NULL, 'activo '),
    (485, 6, '2025-05-25 16:25:00', '2025-08-23 16:25:00', 'Activo '),
    (486, 3, '2025-07-08 15:36:00', NULL, 'activo'),
    (487, 4, '2025-09-09 16:47:00', NULL, 'ACTIVO'),
    (487, 7, '2025-09-21 19:47:00', NULL, 'ACTIVO'),
    (488, 10, '2025-11-10 08:58:00', NULL, 'Activo '),
    (489, 9, '2025-06-08 15:32:00', NULL, 'activo'),
    (490, 4, '2025-08-09 16:43:00', NULL, 'ACTIVO'),
    (490, 7, '2025-08-23 19:43:00', NULL, 'Activo '),
    (491, 10, '2025-10-10 08:54:00', NULL, 'Activo '),
    (492, 8, '2025-12-11 09:05:00', NULL, 'activo '),
    (493, 2, '2025-07-12 16:39:00', NULL, 'ACTIVO'),
    (493, 6, '2025-08-03 18:39:00', NULL, 'activo '),
    (494, 3, '2025-09-13 08:50:00', NULL, 'Activo '),
    (495, 4, '2025-11-14 09:01:00', NULL, 'activo '),
    (495, 7, '2025-11-30 12:01:00', NULL, 'activo '),
    (496, 9, '2025-01-15 10:12:00', NULL, 'activo'),
    (497, 1, '2025-08-13 08:46:00', NULL, 'Activo '),
    (497, 5, '2025-09-10 09:46:00', NULL, 'ACTIVO'),
    (498, 3, '2025-10-14 09:57:00', NULL, 'activo '),
    (499, 4, '2025-12-15 10:08:00', NULL, 'activo'),
    (499, 7, '2025-12-20 15:00:00', NULL, 'activo'),
    (500, 10, '2025-02-16 11:19:00', NULL, 'ACTIVO'),
    (501, 9, '2025-09-14 09:53:00', NULL, 'activo '),
    (502, 4, '2025-11-15 10:04:00', NULL, 'activo'),
    (502, 7, '2025-12-05 13:04:00', '2025-12-28 18:00:00', 'ACTIVO'),
    (503, 10, '2025-01-16 11:15:00', NULL, 'ACTIVO'),
    (504, 8, '2025-03-17 12:26:00', NULL, 'Activo '),
    (505, 1, '2025-10-18 10:00:00', NULL, 'activo'),
    (505, 5, '2025-11-18 11:00:00', NULL, 'Activo '),
    (506, 3, '2025-12-19 11:11:00', NULL, 'ACTIVO'),
    (507, 4, '2025-02-20 12:22:00', NULL, 'Activo '),
    (507, 7, '2025-03-14 15:22:00', NULL, 'Activo '),
    (508, 9, '2025-04-21 13:33:00', NULL, 'activo '),
    (509, 2, '2025-11-19 11:07:00', NULL, 'ACTIVO'),
    (509, 6, '2025-12-15 13:07:00', NULL, 'activo'),
    (510, 3, '2025-01-20 12:18:00', NULL, 'Activo '),
    (511, 4, '2025-03-21 13:29:00', NULL, 'activo '),
    (511, 7, '2025-04-14 16:29:00', NULL, 'activo '),
    (512, 10, '2025-05-22 14:40:00', '2025-12-05 14:40:00', 'inactivo'),
    (513, 9, '2025-12-20 12:14:00', NULL, 'Activo '),
    (514, 4, '2025-02-21 13:25:00', '2025-09-08 13:25:00', 'suspendido'),
    (514, 7, '2025-03-19 16:25:00', NULL, 'activo'),
    (515, 10, '2025-04-22 14:36:00', NULL, 'activo'),
    (516, 8, '2025-06-23 15:47:00', '2025-12-28 18:00:00', 'inactivo'),
    (517, 2, '2025-01-24 13:21:00', NULL, 'activo '),
    (517, 6, '2025-02-23 15:21:00', NULL, 'ACTIVO'),
    (518, 3, '2025-03-01 14:32:00', '2025-09-20 14:32:00', 'suspendido'),
    (519, 4, '2025-05-02 15:43:00', NULL, 'ACTIVO'),
    (519, 7, '2025-05-30 18:43:00', NULL, 'ACTIVO'),
    (520, 9, '2025-07-03 16:54:00', '2025-12-28 18:00:00', 'inactivo'),
    (521, 1, '2025-02-01 14:28:00', NULL, 'activo'),
    (521, 5, '2025-03-07 15:28:00', '2025-07-05 15:28:00', 'activo '),
    (522, 3, '2025-04-02 15:39:00', '2025-10-26 15:39:00', 'suspendido'),
    (523, 4, '2025-06-03 16:50:00', NULL, 'Activo '),
    (523, 7, '2025-07-03 19:50:00', '2025-09-16 19:50:00', 'Activo '),
    (524, 10, '2025-08-04 08:01:00', '2025-12-28 18:00:00', 'inactivo'),
    (525, 9, '2025-03-02 15:35:00', NULL, 'ACTIVO'),
    (526, 4, '2025-05-03 16:46:00', '2025-11-30 16:46:00', 'suspendido'),
    (526, 7, '2025-06-04 19:46:00', NULL, 'activo '),
    (527, 10, '2025-07-04 08:57:00', NULL, 'activo '),
    (528, 8, '2025-09-05 09:08:00', '2025-12-28 18:00:00', 'inactivo'),
    (529, 1, '2025-04-06 16:42:00', NULL, 'Activo '),
    (529, 5, '2025-05-13 17:42:00', NULL, 'activo'),
    (530, 3, '2025-06-07 08:53:00', '2025-12-28 18:00:00', 'suspendido'),
    (531, 4, '2025-08-08 09:04:00', NULL, 'activo'),
    (531, 7, '2025-09-11 12:04:00', NULL, 'activo'),
    (532, 9, '2025-10-09 10:15:00', '2025-12-28 18:00:00', 'inactivo'),
    (533, 2, '2025-05-07 08:49:00', NULL, 'activo '),
    (533, 6, '2025-06-10 10:49:00', '2025-09-08 10:49:00', 'Activo '),
    (534, 3, '2025-07-08 09:00:00', '2025-12-28 18:00:00', 'suspendido'),
    (535, 4, '2025-09-09 10:11:00', NULL, 'ACTIVO'),
    (535, 7, '2025-10-15 13:11:00', NULL, 'ACTIVO'),
    (536, 10, '2025-11-10 11:22:00', '2025-12-28 18:00:00', 'inactivo'),
    (537, 9, '2025-06-08 09:56:00', NULL, 'activo'),
    (538, 4, '2025-08-09 10:07:00', '2025-12-28 18:00:00', 'suspendido'),
    (538, 7, '2025-09-16 13:07:00', NULL, 'Activo '),
    (539, 10, '2025-10-10 11:18:00', NULL, 'Activo '),
    (540, 8, '2025-12-11 12:29:00', '2025-12-28 18:00:00', 'inactivo'),
    (541, 2, '2025-07-12 10:03:00', NULL, 'ACTIVO'),
    (541, 6, '2025-08-19 12:03:00', NULL, 'activo '),
    (542, 3, '2025-09-13 11:14:00', '2025-12-28 18:00:00', 'suspendido'),
    (543, 4, '2025-11-14 12:25:00', NULL, 'activo '),
    (543, 7, '2025-12-20 15:00:00', '2025-12-28 18:00:00', 'activo '),
    (544, 9, '2025-01-15 13:36:00', '2025-07-18 13:36:00', 'inactivo'),
    (545, 1, '2025-08-13 11:10:00', NULL, 'Activo '),
    (545, 5, '2025-09-22 12:10:00', NULL, 'ACTIVO'),
    (546, 3, '2025-10-14 12:21:00', '2025-12-28 18:00:00', 'suspendido'),
    (547, 4, '2025-12-15 13:32:00', NULL, 'activo'),
    (547, 7, '2025-12-20 15:00:00', NULL, 'activo'),
    (548, 10, '2025-02-16 14:43:00', '2025-08-23 14:43:00', 'inactivo'),
    (549, 9, '2025-09-14 12:17:00', NULL, 'activo '),
    (550, 4, '2025-11-15 13:28:00', '2025-12-28 18:00:00', 'suspendido'),
    (550, 7, '2025-12-20 15:00:00', NULL, 'ACTIVO'),
    (551, 10, '2025-01-16 14:39:00', NULL, 'ACTIVO'),
    (552, 8, '2025-03-17 15:50:00', '2025-09-25 15:50:00', 'inactivo'),
    (553, 1, '2025-10-18 13:24:00', NULL, 'activo'),
    (553, 5, '2025-11-30 14:24:00', '2025-12-28 18:00:00', 'Activo '),
    (554, 3, '2025-12-19 14:35:00', '2025-12-28 18:00:00', 'suspendido'),
    (555, 4, '2025-02-20 15:46:00', NULL, 'Activo '),
    (555, 7, '2025-04-07 18:46:00', NULL, 'Activo '),
    (556, 9, '2025-04-21 16:57:00', '2025-11-03 16:57:00', 'inactivo'),
    (557, 2, '2025-11-19 14:31:00', NULL, 'ACTIVO'),
    (557, 6, '2025-12-20 17:00:00', NULL, 'activo'),
    (558, 3, '2025-01-20 15:42:00', '2025-08-06 15:42:00', 'suspendido'),
    (559, 4, '2025-03-21 16:53:00', NULL, 'activo '),
    (559, 7, '2025-05-08 19:53:00', NULL, 'activo '),
    (560, 10, '2025-05-22 08:04:00', '2025-12-08 08:04:00', 'inactivo'),
    (561, 9, '2025-12-20 15:38:00', NULL, 'Activo '),
    (562, 4, '2025-02-21 16:49:00', '2025-09-11 16:49:00', 'suspendido'),
    (562, 7, '2025-04-12 19:49:00', '2025-06-26 19:49:00', 'activo'),
    (563, 10, '2025-04-22 08:00:00', NULL, 'activo'),
    (564, 8, '2025-06-23 09:11:00', '2025-12-28 18:00:00', 'inactivo'),
    (565, 2, '2025-01-24 16:45:00', NULL, 'activo '),
    (565, 6, '2025-03-11 18:45:00', NULL, 'ACTIVO'),
    (566, 3, '2025-03-01 08:56:00', '2025-09-23 08:56:00', 'suspendido'),
    (567, 4, '2025-05-02 09:07:00', NULL, 'ACTIVO'),
    (567, 7, '2025-06-23 12:07:00', NULL, 'ACTIVO'),
    (568, 9, '2025-07-03 10:18:00', '2025-12-28 18:00:00', 'inactivo'),
    (569, 1, '2025-02-01 08:52:00', NULL, 'activo'),
    (569, 5, '2025-03-19 09:52:00', NULL, 'activo '),
    (570, 3, '2025-04-02 09:03:00', '2025-10-29 09:03:00', 'suspendido'),
    (571, 4, '2025-06-03 10:14:00', NULL, 'Activo '),
    (571, 7, '2025-07-27 13:14:00', NULL, 'Activo '),
    (572, 10, '2025-08-04 11:25:00', '2025-12-28 18:00:00', 'inactivo'),
    (573, 9, '2025-03-02 09:59:00', NULL, 'ACTIVO'),
    (574, 4, '2025-05-03 10:10:00', '2025-12-03 10:10:00', 'suspendido'),
    (574, 7, '2025-06-28 13:10:00', NULL, 'activo '),
    (575, 10, '2025-07-04 11:21:00', NULL, 'activo '),
    (576, 8, '2025-09-05 12:32:00', '2025-12-28 18:00:00', 'inactivo'),
    (577, 1, '2025-04-06 10:06:00', NULL, 'Activo '),
    (577, 5, '2025-05-25 11:06:00', NULL, 'activo'),
    (578, 3, '2025-06-07 11:17:00', '2025-12-28 18:00:00', 'suspendido'),
    (579, 4, '2025-08-08 12:28:00', NULL, 'activo'),
    (579, 7, '2025-10-05 15:28:00', NULL, 'activo'),
    (580, 9, '2025-10-09 13:39:00', '2025-12-28 18:00:00', 'inactivo'),
    (581, 2, '2025-05-07 11:13:00', NULL, 'activo '),
    (581, 6, '2025-06-26 13:13:00', '2025-09-24 13:13:00', 'Activo '),
    (582, 3, '2025-07-08 12:24:00', '2025-12-28 18:00:00', 'suspendido'),
    (583, 4, '2025-09-09 13:35:00', NULL, 'ACTIVO'),
    (583, 7, '2025-11-08 16:35:00', '2025-12-28 18:00:00', 'ACTIVO'),
    (584, 10, '2025-11-10 14:46:00', '2025-12-28 18:00:00', 'inactivo'),
    (585, 9, '2025-06-08 12:20:00', NULL, 'activo'),
    (586, 4, '2025-08-09 13:31:00', '2025-12-28 18:00:00', 'suspendido'),
    (586, 7, '2025-10-10 16:31:00', NULL, 'Activo '),
    (587, 10, '2025-10-10 14:42:00', NULL, 'Activo '),
    (588, 8, '2025-12-11 15:53:00', '2025-12-28 18:00:00', 'inactivo'),
    (589, 2, '2025-07-12 13:27:00', NULL, 'ACTIVO'),
    (589, 6, '2025-09-04 15:27:00', NULL, 'activo '),
    (590, 3, '2025-09-13 14:38:00', '2025-12-28 18:00:00', 'suspendido'),
    (591, 4, '2025-11-14 15:49:00', NULL, 'activo '),
    (591, 7, '2025-12-20 15:00:00', NULL, 'activo '),
    (592, 9, '2025-01-15 16:00:00', '2025-07-21 16:00:00', 'inactivo'),
    (593, 1, '2025-08-13 14:34:00', NULL, 'Activo '),
    (593, 5, '2025-10-04 15:34:00', '2025-12-28 18:00:00', 'ACTIVO'),
    (594, 3, '2025-10-14 15:45:00', '2025-12-28 18:00:00', 'suspendido'),
    (595, 4, '2025-12-15 16:56:00', NULL, 'activo'),
    (596, 10, '2025-02-16 08:07:00', '2025-08-26 08:07:00', 'inactivo'),
    (597, 9, '2025-09-14 15:41:00', NULL, 'activo '),
    (598, 4, '2025-11-15 16:52:00', '2025-12-28 18:00:00', 'suspendido'),
    (599, 10, '2025-01-16 08:03:00', NULL, 'ACTIVO'),
    (600, 8, '2025-03-17 09:14:00', '2025-09-28 09:14:00', 'inactivo');

INSERT INTO Usuario_Grupo (ID_Usuario, ID_Grupo, rol_en_grupo, fecha_union, fecha_salida) VALUES
    (1, 1, 'ADMIN', '2023-02-05 10:07:00', NULL),
    (5, 1, 'miembro', '2023-02-06 11:07:00', NULL),
    (9, 1, 'MODERADOR ', '2023-02-07 12:07:00', NULL),
    (2, 2, 'Moderador', '2023-05-12 12:18:00', '2023-07-21 12:18:00'),
    (6, 2, 'MIEMBRO', '2023-05-13 13:18:00', '2023-08-01 13:18:00'),
    (10, 2, 'admin ', '2023-05-14 10:18:00', NULL),
    (3, 3, 'ADMIN ', '2023-08-19 14:29:00', NULL),
    (7, 3, 'Miembro', '2023-08-20 11:29:00', NULL),
    (11, 3, 'MODERADOR', '2023-08-21 12:29:00', NULL),
    (13, 4, 'ADMIN', '2023-03-08 12:14:00', NULL),
    (17, 4, 'miembro', '2023-03-09 13:14:00', NULL),
    (21, 4, 'MODERADOR ', '2023-03-10 10:14:00', NULL),
    (14, 5, 'Moderador', '2023-06-15 14:25:00', '2023-08-24 14:25:00'),
    (18, 5, 'MIEMBRO', '2023-06-16 11:25:00', '2023-09-04 11:25:00'),
    (22, 5, 'admin ', '2023-06-17 12:25:00', NULL),
    (15, 6, 'ADMIN ', '2023-09-22 12:36:00', '2023-11-06 12:36:00'),
    (19, 6, 'Miembro', '2023-09-23 13:36:00', '2023-11-22 13:36:00'),
    (23, 6, 'MODERADOR', '2023-09-24 14:36:00', '2023-12-08 14:36:00'),
    (25, 7, 'ADMIN', '2023-04-11 14:21:00', NULL),
    (29, 7, 'miembro', '2023-04-12 11:21:00', NULL),
    (33, 7, 'MODERADOR ', '2023-04-13 12:21:00', NULL),
    (26, 8, 'Moderador', '2023-07-18 12:32:00', '2023-09-26 12:32:00'),
    (30, 8, 'MIEMBRO', '2023-07-19 13:32:00', '2023-10-07 13:32:00'),
    (34, 8, 'admin ', '2023-07-20 14:32:00', NULL),
    (27, 9, 'ADMIN ', '2023-10-25 14:43:00', NULL),
    (31, 9, 'Miembro', '2023-10-26 15:43:00', NULL),
    (35, 9, 'MODERADOR', '2023-10-27 16:43:00', '2024-02-24 16:43:00'),
    (37, 10, 'ADMIN', '2023-05-14 12:28:00', NULL),
    (41, 10, 'miembro', '2023-05-15 13:28:00', NULL),
    (45, 10, 'MODERADOR ', '2023-05-16 14:28:00', '2023-09-13 14:28:00'),
    (38, 11, 'Moderador', '2023-08-21 14:39:00', '2023-10-30 14:39:00'),
    (42, 11, 'MIEMBRO', '2023-08-22 15:39:00', '2023-11-10 15:39:00'),
    (46, 11, 'admin ', '2023-08-23 16:39:00', NULL),
    (39, 12, 'ADMIN ', '2023-11-04 16:50:00', '2023-12-19 16:50:00'),
    (43, 12, 'Miembro', '2023-11-05 17:50:00', '2024-01-04 17:50:00'),
    (47, 12, 'MODERADOR', '2023-11-06 14:50:00', '2024-01-20 14:50:00'),
    (49, 13, 'ADMIN', '2023-06-17 14:35:00', NULL),
    (53, 13, 'miembro', '2023-06-18 15:35:00', '2023-10-16 15:35:00'),
    (57, 13, 'MODERADOR ', '2023-06-19 16:35:00', NULL),
    (50, 14, 'Moderador', '2023-09-24 16:46:00', '2023-12-03 16:46:00'),
    (54, 14, 'MIEMBRO', '2023-09-25 17:46:00', '2023-12-14 17:46:00'),
    (58, 14, 'admin ', '2023-09-26 14:46:00', NULL),
    (51, 15, 'ADMIN ', '2023-12-07 18:57:00', '2024-04-05 18:57:00'),
    (55, 15, 'Miembro', '2023-12-08 15:57:00', NULL),
    (59, 15, 'MODERADOR', '2023-12-09 16:57:00', NULL),
    (61, 16, 'ADMIN', '2023-07-20 16:42:00', '2023-11-17 16:42:00'),
    (65, 16, 'miembro', '2023-07-21 17:42:00', NULL),
    (69, 16, 'MODERADOR ', '2023-07-22 14:42:00', NULL),
    (62, 17, 'Moderador', '2023-10-03 18:53:00', '2023-12-12 18:53:00'),
    (66, 17, 'MIEMBRO', '2023-10-04 15:53:00', '2023-12-23 15:53:00'),
    (70, 17, 'admin ', '2023-10-05 16:53:00', NULL),
    (63, 18, 'ADMIN ', '2023-01-10 16:04:00', '2023-02-24 16:04:00'),
    (67, 18, 'Miembro', '2023-01-11 17:04:00', '2023-03-12 17:04:00'),
    (71, 18, 'MODERADOR', '2023-01-12 18:04:00', '2023-03-28 18:04:00'),
    (73, 19, 'ADMIN', '2023-08-23 18:49:00', NULL),
    (77, 19, 'miembro', '2023-08-24 15:49:00', NULL),
    (81, 19, 'MODERADOR ', '2023-08-25 16:49:00', NULL),
    (74, 20, 'Moderador', '2023-11-06 16:00:00', '2024-01-15 16:00:00'),
    (78, 20, 'MIEMBRO', '2023-11-07 17:00:00', '2024-01-26 17:00:00'),
    (82, 20, 'admin ', '2023-11-08 18:00:00', NULL),
    (75, 21, 'ADMIN ', '2023-02-13 18:11:00', NULL),
    (79, 21, 'Miembro', '2023-02-14 19:11:00', NULL),
    (83, 21, 'MODERADOR', '2023-02-15 20:11:00', NULL),
    (85, 22, 'ADMIN', '2023-09-02 16:56:00', NULL),
    (89, 22, 'miembro', '2023-09-03 17:56:00', NULL),
    (93, 22, 'MODERADOR ', '2023-09-04 18:56:00', NULL),
    (86, 23, 'Moderador', '2023-12-09 18:07:00', '2024-02-17 18:07:00'),
    (90, 23, 'MIEMBRO', '2023-12-10 19:07:00', '2024-02-28 19:07:00'),
    (94, 23, 'admin ', '2023-12-11 20:07:00', NULL),
    (87, 24, 'ADMIN ', '2023-03-16 02:18:00', '2023-04-30 02:18:00'),
    (91, 24, 'Miembro', '2023-03-17 03:18:00', '2023-05-16 03:18:00'),
    (95, 24, 'MODERADOR', '2023-03-18 00:18:00', '2023-06-01 00:18:00'),
    (97, 25, 'ADMIN', '2023-10-05 18:03:00', NULL),
    (101, 25, 'miembro', '2023-10-06 19:03:00', NULL),
    (105, 25, 'MODERADOR ', '2023-10-07 20:03:00', NULL),
    (98, 26, 'Moderador', '2023-01-12 02:14:00', '2023-03-23 02:14:00'),
    (102, 26, 'MIEMBRO', '2023-01-13 03:14:00', '2023-04-03 03:14:00'),
    (106, 26, 'admin ', '2023-01-14 00:14:00', NULL),
    (99, 27, 'ADMIN ', '2023-04-19 04:25:00', NULL),
    (103, 27, 'Miembro', '2023-04-20 01:25:00', NULL),
    (107, 27, 'MODERADOR', '2023-04-21 02:25:00', NULL),
    (109, 28, 'ADMIN', '2023-11-08 02:10:00', NULL),
    (113, 28, 'miembro', '2023-11-09 03:10:00', NULL),
    (117, 28, 'MODERADOR ', '2023-11-10 00:10:00', NULL),
    (110, 29, 'Moderador', '2023-02-15 04:21:00', '2023-04-26 04:21:00'),
    (114, 29, 'MIEMBRO', '2023-02-16 01:21:00', '2023-05-07 01:21:00'),
    (118, 29, 'admin ', '2023-02-17 02:21:00', NULL),
    (111, 30, 'ADMIN ', '2023-05-22 02:32:00', '2023-07-06 02:32:00'),
    (115, 30, 'Miembro', '2023-05-23 03:32:00', '2023-07-22 03:32:00'),
    (119, 30, 'MODERADOR', '2023-05-24 04:32:00', '2023-08-07 04:32:00'),
    (121, 31, 'ADMIN', '2023-12-11 04:17:00', NULL),
    (125, 31, 'miembro', '2023-12-12 01:17:00', NULL),
    (129, 31, 'MODERADOR ', '2023-12-13 02:17:00', NULL),
    (122, 32, 'Moderador', '2023-03-18 02:28:00', '2023-05-27 02:28:00'),
    (126, 32, 'MIEMBRO', '2023-03-19 03:28:00', '2023-06-07 03:28:00'),
    (130, 32, 'admin ', '2023-03-20 04:28:00', NULL),
    (123, 33, 'ADMIN ', '2023-06-25 04:39:00', NULL),
    (127, 33, 'Miembro', '2023-06-26 05:39:00', NULL),
    (131, 33, 'MODERADOR', '2023-06-27 06:39:00', NULL),
    (133, 34, 'ADMIN', '2023-01-14 02:24:00', NULL),
    (137, 34, 'miembro', '2023-01-15 03:24:00', NULL),
    (141, 34, 'MODERADOR ', '2023-01-16 04:24:00', NULL),
    (134, 35, 'Moderador', '2023-04-21 04:35:00', '2023-06-30 04:35:00'),
    (138, 35, 'MIEMBRO', '2023-04-22 05:35:00', '2023-07-11 05:35:00'),
    (142, 35, 'admin ', '2023-04-23 06:35:00', NULL),
    (135, 36, 'ADMIN ', '2023-07-04 06:46:00', '2023-08-18 06:46:00'),
    (139, 36, 'Miembro', '2023-07-05 07:46:00', '2023-09-03 07:46:00'),
    (143, 36, 'MODERADOR', '2023-07-06 04:46:00', '2023-09-19 04:46:00'),
    (145, 37, 'ADMIN', '2023-02-17 04:31:00', NULL),
    (149, 37, 'miembro', '2023-02-18 05:31:00', NULL),
    (153, 37, 'MODERADOR ', '2023-02-19 06:31:00', NULL),
    (146, 38, 'Moderador', '2023-05-24 06:42:00', '2023-08-02 06:42:00'),
    (150, 38, 'MIEMBRO', '2023-05-25 07:42:00', '2023-08-13 07:42:00'),
    (154, 38, 'admin ', '2023-05-26 04:42:00', NULL),
    (147, 39, 'ADMIN ', '2023-08-07 08:53:00', NULL),
    (151, 39, 'Miembro', '2023-08-08 05:53:00', NULL),
    (155, 39, 'MODERADOR', '2023-08-09 06:53:00', NULL),
    (157, 40, 'ADMIN', '2023-03-20 06:38:00', NULL),
    (161, 40, 'miembro', '2023-03-21 07:38:00', NULL),
    (165, 40, 'MODERADOR ', '2023-03-22 04:38:00', NULL),
    (158, 41, 'Moderador', '2023-06-03 08:49:00', '2023-08-12 08:49:00'),
    (162, 41, 'MIEMBRO', '2023-06-04 05:49:00', '2023-08-23 05:49:00'),
    (166, 41, 'admin ', '2023-06-05 06:49:00', NULL),
    (159, 42, 'ADMIN ', '2023-09-10 06:00:00', '2023-10-25 06:00:00'),
    (163, 42, 'Miembro', '2023-09-11 07:00:00', '2023-11-10 07:00:00'),
    (167, 42, 'MODERADOR', '2023-09-12 08:00:00', '2023-11-26 08:00:00'),
    (169, 43, 'ADMIN', '2023-04-23 08:45:00', NULL),
    (173, 43, 'miembro', '2023-04-24 05:45:00', NULL),
    (177, 43, 'MODERADOR ', '2023-04-25 06:45:00', '2023-08-23 06:45:00'),
    (170, 44, 'Moderador', '2023-07-06 06:56:00', '2023-09-14 06:56:00'),
    (174, 44, 'MIEMBRO', '2023-07-07 07:56:00', '2023-09-25 07:56:00'),
    (178, 44, 'admin ', '2023-07-08 08:56:00', NULL),
    (171, 45, 'ADMIN ', '2023-10-13 08:07:00', NULL),
    (175, 45, 'Miembro', '2023-10-14 09:07:00', '2024-02-11 09:07:00'),
    (179, 45, 'MODERADOR', '2023-10-15 10:07:00', NULL),
    (181, 46, 'ADMIN', '2023-05-02 06:52:00', NULL),
    (185, 46, 'miembro', '2023-05-03 07:52:00', '2023-08-31 07:52:00'),
    (189, 46, 'MODERADOR ', '2023-05-04 08:52:00', NULL),
    (182, 47, 'Moderador', '2023-08-09 08:03:00', '2023-10-18 08:03:00'),
    (186, 47, 'MIEMBRO', '2023-08-10 09:03:00', '2023-10-29 09:03:00'),
    (190, 47, 'admin ', '2023-08-11 10:03:00', NULL),
    (183, 48, 'ADMIN ', '2024-11-16 10:14:00', '2024-12-31 10:14:00'),
    (187, 48, 'Miembro', '2024-11-17 11:14:00', '2025-01-16 11:14:00'),
    (191, 48, 'MODERADOR', '2024-11-18 08:14:00', '2025-02-01 08:14:00'),
    (193, 49, 'ADMIN', '2023-06-05 08:59:00', '2023-10-03 08:59:00'),
    (197, 49, 'miembro', '2023-06-06 09:59:00', NULL),
    (201, 49, 'MODERADOR ', '2023-06-07 10:59:00', NULL),
    (194, 50, 'Moderador', '2023-09-12 10:10:00', '2023-11-21 10:10:00'),
    (198, 50, 'MIEMBRO', '2023-09-13 11:10:00', '2023-12-02 11:10:00'),
    (202, 50, 'admin ', '2023-09-14 08:10:00', NULL),
    (195, 51, 'ADMIN ', '2024-12-19 12:21:00', NULL),
    (199, 51, 'Miembro', '2024-12-20 09:21:00', NULL),
    (203, 51, 'MODERADOR', '2024-12-21 10:21:00', NULL),
    (205, 52, 'ADMIN', '2023-07-08 10:06:00', NULL),
    (209, 52, 'miembro', '2023-07-09 11:06:00', NULL),
    (213, 52, 'MODERADOR ', '2023-07-10 08:06:00', NULL),
    (206, 53, 'Moderador', '2024-10-15 12:17:00', '2024-12-24 12:17:00'),
    (210, 53, 'MIEMBRO', '2024-10-16 09:17:00', '2025-01-04 09:17:00'),
    (214, 53, 'admin ', '2024-10-17 10:17:00', NULL),
    (207, 54, 'ADMIN ', '2024-01-22 10:28:00', '2024-03-07 10:28:00'),
    (211, 54, 'Miembro', '2024-01-23 11:28:00', '2024-03-23 11:28:00'),
    (215, 54, 'MODERADOR', '2024-01-24 12:28:00', '2024-04-08 12:28:00'),
    (217, 55, 'ADMIN', '2024-08-11 12:13:00', NULL),
    (221, 55, 'miembro', '2024-08-12 09:13:00', NULL),
    (225, 55, 'MODERADOR ', '2024-08-13 10:13:00', NULL),
    (218, 56, 'Moderador', '2024-11-18 10:24:00', '2025-01-27 10:24:00'),
    (222, 56, 'MIEMBRO', '2024-11-19 11:24:00', '2025-02-07 11:24:00'),
    (226, 56, 'admin ', '2024-11-20 12:24:00', NULL),
    (219, 57, 'ADMIN ', '2024-02-25 12:35:00', NULL),
    (223, 57, 'Miembro', '2024-02-26 13:35:00', NULL),
    (227, 57, 'MODERADOR', '2024-02-27 14:35:00', NULL),
    (229, 58, 'ADMIN', '2024-09-14 10:20:00', NULL),
    (233, 58, 'miembro', '2024-09-15 11:20:00', NULL),
    (237, 58, 'MODERADOR ', '2024-09-16 12:20:00', NULL),
    (230, 59, 'Moderador', '2024-12-21 12:31:00', '2025-03-01 12:31:00'),
    (234, 59, 'MIEMBRO', '2024-12-22 13:31:00', '2025-03-12 13:31:00'),
    (238, 59, 'admin ', '2024-12-23 14:31:00', NULL),
    (231, 60, 'ADMIN ', '2024-03-04 14:42:00', '2024-04-18 14:42:00'),
    (235, 60, 'Miembro', '2024-03-05 15:42:00', '2024-05-04 15:42:00'),
    (239, 60, 'MODERADOR', '2024-03-06 12:42:00', '2024-05-20 12:42:00'),
    (241, 61, 'ADMIN', '2024-10-17 12:27:00', NULL),
    (245, 61, 'miembro', '2024-10-18 13:27:00', NULL),
    (249, 61, 'MODERADOR ', '2024-10-19 14:27:00', NULL),
    (242, 62, 'Moderador', '2024-01-24 14:38:00', '2024-04-03 14:38:00'),
    (246, 62, 'MIEMBRO', '2024-01-25 15:38:00', '2024-04-14 15:38:00'),
    (250, 62, 'admin ', '2024-01-26 12:38:00', NULL),
    (243, 63, 'ADMIN ', '2024-04-07 16:49:00', NULL),
    (247, 63, 'Miembro', '2024-04-08 13:49:00', NULL),
    (251, 63, 'MODERADOR', '2024-04-09 14:49:00', NULL),
    (253, 64, 'ADMIN', '2024-11-20 14:34:00', NULL),
    (257, 64, 'miembro', '2024-11-21 15:34:00', NULL),
    (261, 64, 'MODERADOR ', '2024-11-22 12:34:00', NULL),
    (254, 65, 'Moderador', '2024-02-03 16:45:00', '2024-04-13 16:45:00'),
    (258, 65, 'MIEMBRO', '2024-02-04 13:45:00', '2024-04-24 13:45:00'),
    (262, 65, 'admin ', '2024-02-05 14:45:00', NULL),
    (255, 66, 'ADMIN ', '2024-05-10 14:56:00', '2024-06-24 14:56:00'),
    (259, 66, 'Miembro', '2024-05-11 15:56:00', '2024-07-10 15:56:00'),
    (263, 66, 'MODERADOR', '2024-05-12 16:56:00', '2024-07-26 16:56:00'),
    (265, 67, 'ADMIN', '2024-12-23 16:41:00', NULL),
    (269, 67, 'miembro', '2024-12-24 13:41:00', NULL),
    (273, 67, 'MODERADOR ', '2024-12-25 14:41:00', NULL),
    (266, 68, 'Moderador', '2024-03-06 14:52:00', '2024-05-15 14:52:00'),
    (270, 68, 'MIEMBRO', '2024-03-07 15:52:00', '2024-05-26 15:52:00'),
    (274, 68, 'admin ', '2024-03-08 16:52:00', NULL),
    (267, 69, 'ADMIN ', '2024-06-13 16:03:00', NULL),
    (271, 69, 'Miembro', '2024-06-14 17:03:00', NULL),
    (275, 69, 'MODERADOR', '2024-06-15 18:03:00', NULL),
    (277, 70, 'ADMIN', '2024-01-02 14:48:00', NULL),
    (281, 70, 'miembro', '2024-01-03 15:48:00', NULL),
    (285, 70, 'MODERADOR ', '2024-01-04 16:48:00', NULL),
    (278, 71, 'Moderador', '2024-04-09 16:59:00', '2024-06-18 16:59:00'),
    (282, 71, 'MIEMBRO', '2024-04-10 17:59:00', '2024-06-29 17:59:00'),
    (286, 71, 'admin ', '2024-04-11 18:59:00', NULL),
    (279, 72, 'ADMIN ', '2024-07-16 18:10:00', '2024-08-30 18:10:00'),
    (283, 72, 'Miembro', '2024-07-17 19:10:00', '2024-09-15 19:10:00'),
    (287, 72, 'MODERADOR', '2024-07-18 16:10:00', '2024-10-01 16:10:00'),
    (289, 73, 'ADMIN', '2024-02-05 16:55:00', NULL),
    (293, 73, 'miembro', '2024-02-06 17:55:00', NULL),
    (297, 73, 'MODERADOR ', '2024-02-07 18:55:00', NULL),
    (290, 74, 'Moderador', '2024-05-12 18:06:00', '2024-07-21 18:06:00'),
    (294, 74, 'MIEMBRO', '2024-05-13 19:06:00', '2024-08-01 19:06:00'),
    (298, 74, 'admin ', '2024-05-14 16:06:00', NULL),
    (291, 75, 'ADMIN ', '2024-08-19 20:17:00', NULL),
    (295, 75, 'Miembro', '2024-08-20 17:17:00', NULL),
    (299, 75, 'MODERADOR', '2024-08-21 18:17:00', '2024-12-19 18:17:00'),
    (301, 76, 'ADMIN', '2024-03-08 18:02:00', NULL),
    (305, 76, 'miembro', '2024-03-09 19:02:00', NULL),
    (309, 76, 'MODERADOR ', '2024-03-10 16:02:00', '2024-07-08 16:02:00'),
    (302, 77, 'Moderador', '2024-06-15 20:13:00', '2024-08-24 20:13:00'),
    (306, 77, 'MIEMBRO', '2024-06-16 17:13:00', '2024-09-04 17:13:00'),
    (310, 77, 'admin ', '2024-06-17 18:13:00', NULL),
    (303, 78, 'ADMIN ', '2024-09-22 00:24:00', '2024-11-06 00:24:00'),
    (307, 78, 'Miembro', '2024-09-23 01:24:00', '2024-11-22 01:24:00'),
    (311, 78, 'MODERADOR', '2024-09-24 02:24:00', '2024-12-08 02:24:00'),
    (313, 79, 'ADMIN', '2024-04-11 20:09:00', NULL),
    (317, 79, 'miembro', '2024-04-12 17:09:00', '2024-08-10 17:09:00'),
    (321, 79, 'MODERADOR ', '2024-04-13 18:09:00', NULL),
    (314, 80, 'Moderador', '2024-07-18 00:20:00', '2024-09-26 00:20:00'),
    (318, 80, 'MIEMBRO', '2024-07-19 01:20:00', '2024-10-07 01:20:00'),
    (322, 80, 'admin ', '2024-07-20 02:20:00', NULL),
    (315, 81, 'ADMIN ', '2024-10-25 02:31:00', '2025-02-22 02:31:00'),
    (319, 81, 'Miembro', '2024-10-26 03:31:00', NULL),
    (323, 81, 'MODERADOR', '2024-10-27 04:31:00', NULL),
    (325, 82, 'ADMIN', '2024-05-14 00:16:00', '2024-09-11 00:16:00'),
    (329, 82, 'miembro', '2024-05-15 01:16:00', NULL),
    (333, 82, 'MODERADOR ', '2024-05-16 02:16:00', NULL),
    (326, 83, 'Moderador', '2024-08-21 02:27:00', '2024-10-30 02:27:00'),
    (330, 83, 'MIEMBRO', '2024-08-22 03:27:00', '2024-11-10 03:27:00'),
    (334, 83, 'admin ', '2024-08-23 04:27:00', NULL),
    (327, 84, 'ADMIN ', '2024-11-04 04:38:00', '2024-12-19 04:38:00'),
    (331, 84, 'Miembro', '2024-11-05 05:38:00', '2025-01-04 05:38:00'),
    (335, 84, 'MODERADOR', '2024-11-06 02:38:00', '2025-01-20 02:38:00'),
    (337, 85, 'ADMIN', '2024-06-17 02:23:00', NULL),
    (341, 85, 'miembro', '2024-06-18 03:23:00', NULL),
    (345, 85, 'MODERADOR ', '2024-06-19 04:23:00', NULL),
    (338, 86, 'Moderador', '2024-09-24 04:34:00', '2024-12-03 04:34:00'),
    (342, 86, 'MIEMBRO', '2024-09-25 05:34:00', '2024-12-14 05:34:00'),
    (346, 86, 'admin ', '2024-09-26 02:34:00', NULL),
    (339, 87, 'ADMIN ', '2024-12-07 06:45:00', NULL),
    (343, 87, 'Miembro', '2024-12-08 03:45:00', NULL),
    (347, 87, 'MODERADOR', '2024-12-09 04:45:00', NULL),
    (349, 88, 'ADMIN', '2024-07-20 04:30:00', NULL),
    (353, 88, 'miembro', '2024-07-21 05:30:00', NULL),
    (357, 88, 'MODERADOR ', '2024-07-22 02:30:00', NULL),
    (350, 89, 'Moderador', '2024-10-03 06:41:00', '2024-12-12 06:41:00'),
    (354, 89, 'MIEMBRO', '2024-10-04 03:41:00', '2024-12-23 03:41:00'),
    (358, 89, 'admin ', '2024-10-05 04:41:00', NULL),
    (351, 90, 'ADMIN ', '2024-01-10 04:52:00', '2024-02-24 04:52:00'),
    (355, 90, 'Miembro', '2024-01-11 05:52:00', '2024-03-11 05:52:00'),
    (359, 90, 'MODERADOR', '2024-01-12 06:52:00', '2024-03-27 06:52:00'),
    (361, 91, 'ADMIN', '2024-08-23 06:37:00', NULL),
    (365, 91, 'miembro', '2024-08-24 03:37:00', NULL),
    (369, 91, 'MODERADOR ', '2024-08-25 04:37:00', NULL),
    (362, 92, 'Moderador', '2024-11-06 04:48:00', '2025-01-15 04:48:00'),
    (366, 92, 'MIEMBRO', '2024-11-07 05:48:00', '2025-01-26 05:48:00'),
    (370, 92, 'admin ', '2024-11-08 06:48:00', NULL),
    (363, 93, 'ADMIN ', '2024-02-13 06:59:00', NULL),
    (367, 93, 'Miembro', '2024-02-14 07:59:00', NULL),
    (371, 93, 'MODERADOR', '2024-02-15 08:59:00', NULL),
    (373, 94, 'ADMIN', '2024-09-02 04:44:00', NULL),
    (377, 94, 'miembro', '2024-09-03 05:44:00', NULL),
    (381, 94, 'MODERADOR ', '2024-09-04 06:44:00', NULL),
    (374, 95, 'Moderador', '2024-12-09 06:55:00', '2025-02-17 06:55:00'),
    (378, 95, 'MIEMBRO', '2024-12-10 07:55:00', '2025-02-28 07:55:00'),
    (382, 95, 'admin ', '2024-12-11 08:55:00', NULL),
    (375, 96, 'ADMIN ', '2024-03-16 08:06:00', '2024-04-30 08:06:00'),
    (379, 96, 'Miembro', '2024-03-17 09:06:00', '2024-05-16 09:06:00'),
    (383, 96, 'MODERADOR', '2024-03-18 06:06:00', '2024-06-01 06:06:00'),
    (385, 97, 'ADMIN', '2024-10-05 06:51:00', NULL),
    (389, 97, 'miembro', '2024-10-06 07:51:00', NULL),
    (393, 97, 'MODERADOR ', '2024-10-07 08:51:00', NULL),
    (386, 98, 'Moderador', '2024-01-12 08:02:00', '2024-03-22 08:02:00'),
    (390, 98, 'MIEMBRO', '2024-01-13 09:02:00', '2024-04-02 09:02:00'),
    (394, 98, 'admin ', '2024-01-14 06:02:00', NULL),
    (387, 99, 'ADMIN ', '2024-04-19 10:13:00', NULL),
    (391, 99, 'Miembro', '2024-04-20 07:13:00', NULL),
    (395, 99, 'MODERADOR', '2024-04-21 08:13:00', NULL),
    (397, 100, 'ADMIN', '2024-11-08 08:58:00', NULL),
    (401, 100, 'miembro', '2024-11-09 09:58:00', NULL),
    (405, 100, 'MODERADOR ', '2024-11-10 06:58:00', NULL),
    (398, 101, 'Moderador', '2025-02-15 10:09:00', '2025-04-26 10:09:00'),
    (402, 101, 'MIEMBRO', '2025-02-16 07:09:00', '2025-05-07 07:09:00'),
    (406, 101, 'admin ', '2025-02-17 08:09:00', NULL),
    (399, 102, 'ADMIN ', '2025-05-22 08:20:00', '2025-07-06 08:20:00'),
    (403, 102, 'Miembro', '2025-05-23 09:20:00', '2025-07-22 09:20:00'),
    (407, 102, 'MODERADOR', '2025-05-24 10:20:00', '2025-08-07 10:20:00'),
    (409, 103, 'ADMIN', '2025-12-11 10:05:00', NULL),
    (413, 103, 'miembro', '2025-12-12 07:05:00', NULL),
    (417, 103, 'MODERADOR ', '2025-12-13 08:05:00', NULL),
    (410, 104, 'Moderador', '2025-03-18 08:16:00', '2025-05-27 08:16:00'),
    (414, 104, 'MIEMBRO', '2025-03-19 09:16:00', '2025-06-07 09:16:00'),
    (418, 104, 'admin ', '2025-03-20 10:16:00', NULL),
    (411, 105, 'ADMIN ', '2025-06-25 10:27:00', NULL),
    (415, 105, 'Miembro', '2025-06-26 11:27:00', NULL),
    (419, 105, 'MODERADOR', '2025-06-27 12:27:00', NULL),
    (421, 106, 'ADMIN', '2025-01-14 08:12:00', NULL),
    (425, 106, 'miembro', '2025-01-15 09:12:00', NULL),
    (429, 106, 'MODERADOR ', '2025-01-16 10:12:00', NULL),
    (422, 107, 'Moderador', '2025-04-21 10:23:00', '2025-06-30 10:23:00'),
    (426, 107, 'MIEMBRO', '2025-04-22 11:23:00', '2025-07-11 11:23:00'),
    (430, 107, 'admin ', '2025-04-23 12:23:00', NULL),
    (423, 108, 'ADMIN ', '2025-07-04 12:34:00', '2025-08-18 12:34:00'),
    (427, 108, 'Miembro', '2025-07-05 13:34:00', '2025-09-03 13:34:00'),
    (431, 108, 'MODERADOR', '2025-07-06 10:34:00', '2025-09-19 10:34:00'),
    (433, 109, 'ADMIN', '2025-02-17 10:19:00', NULL),
    (437, 109, 'miembro', '2025-02-18 11:19:00', NULL),
    (441, 109, 'MODERADOR ', '2025-02-19 12:19:00', '2025-06-19 12:19:00'),
    (434, 110, 'Moderador', '2025-05-24 12:30:00', '2025-08-02 12:30:00'),
    (438, 110, 'MIEMBRO', '2025-05-25 13:30:00', '2025-08-13 13:30:00'),
    (442, 110, 'admin ', '2025-05-26 10:30:00', NULL),
    (435, 111, 'ADMIN ', '2025-08-07 14:41:00', NULL),
    (439, 111, 'Miembro', '2025-08-08 11:41:00', '2025-12-06 11:41:00'),
    (443, 111, 'MODERADOR', '2025-08-09 12:41:00', NULL),
    (445, 112, 'ADMIN', '2025-03-20 12:26:00', NULL),
    (449, 112, 'miembro', '2025-03-21 13:26:00', '2025-07-19 13:26:00'),
    (453, 112, 'MODERADOR ', '2025-03-22 10:26:00', NULL),
    (446, 113, 'Moderador', '2025-06-03 14:37:00', '2025-08-12 14:37:00'),
    (450, 113, 'MIEMBRO', '2025-06-04 11:37:00', '2025-08-23 11:37:00'),
    (454, 113, 'admin ', '2025-06-05 12:37:00', NULL),
    (447, 114, 'ADMIN ', '2025-09-10 12:48:00', '2025-10-25 12:48:00'),
    (451, 114, 'Miembro', '2025-09-11 13:48:00', '2025-11-10 13:48:00'),
    (455, 114, 'MODERADOR', '2025-09-12 14:48:00', '2025-11-26 14:48:00'),
    (457, 115, 'ADMIN', '2025-04-23 14:33:00', '2025-08-21 14:33:00'),
    (461, 115, 'miembro', '2025-04-24 11:33:00', NULL),
    (465, 115, 'MODERADOR ', '2025-04-25 12:33:00', NULL),
    (458, 116, 'Moderador', '2025-07-06 12:44:00', '2025-09-14 12:44:00'),
    (462, 116, 'MIEMBRO', '2025-07-07 13:44:00', '2025-09-25 13:44:00'),
    (466, 116, 'admin ', '2025-07-08 14:44:00', NULL),
    (459, 117, 'ADMIN ', '2025-10-13 14:55:00', NULL),
    (463, 117, 'Miembro', '2025-10-14 15:55:00', NULL),
    (467, 117, 'MODERADOR', '2025-10-15 16:55:00', NULL),
    (469, 118, 'ADMIN', '2025-05-02 12:40:00', NULL),
    (473, 118, 'miembro', '2025-05-03 13:40:00', NULL),
    (477, 118, 'MODERADOR ', '2025-05-04 14:40:00', NULL),
    (470, 119, 'Moderador', '2025-08-09 14:51:00', '2025-10-18 14:51:00'),
    (474, 119, 'MIEMBRO', '2025-08-10 15:51:00', '2025-10-29 15:51:00'),
    (478, 119, 'admin ', '2025-08-11 16:51:00', NULL),
    (471, 120, 'ADMIN ', '2025-11-16 16:02:00', '2025-12-28 18:00:00'),
    (475, 120, 'Miembro', '2025-11-17 17:02:00', '2025-12-28 18:00:00'),
    (479, 120, 'MODERADOR', '2025-11-18 14:02:00', '2025-12-28 18:00:00'),
    (481, 121, 'ADMIN', '2025-06-05 14:47:00', NULL),
    (485, 121, 'miembro', '2025-06-06 15:47:00', NULL),
    (489, 121, 'MODERADOR ', '2025-06-07 16:47:00', NULL),
    (482, 122, 'Moderador', '2025-09-12 16:58:00', '2025-11-21 16:58:00'),
    (486, 122, 'MIEMBRO', '2025-09-13 17:58:00', '2025-12-02 17:58:00'),
    (490, 122, 'admin ', '2025-09-14 14:58:00', NULL),
    (483, 123, 'ADMIN ', '2025-12-19 18:09:00', NULL),
    (487, 123, 'Miembro', '2025-12-20 15:09:00', NULL),
    (491, 123, 'MODERADOR', '2025-12-21 16:09:00', NULL),
    (493, 124, 'ADMIN', '2025-07-08 16:54:00', NULL),
    (497, 124, 'miembro', '2025-07-09 17:54:00', NULL),
    (501, 124, 'MODERADOR ', '2025-07-10 14:54:00', NULL),
    (494, 125, 'Moderador', '2025-10-15 18:05:00', '2025-12-24 18:05:00'),
    (498, 125, 'MIEMBRO', '2025-10-16 15:05:00', '2025-12-28 18:00:00'),
    (502, 125, 'admin ', '2025-10-17 16:05:00', NULL),
    (495, 126, 'ADMIN ', '2025-01-22 16:16:00', '2025-03-08 16:16:00'),
    (499, 126, 'Miembro', '2025-01-23 17:16:00', '2025-03-24 17:16:00'),
    (503, 126, 'MODERADOR', '2025-01-24 18:16:00', '2025-04-09 18:16:00'),
    (505, 127, 'ADMIN', '2025-08-11 18:01:00', NULL),
    (509, 127, 'miembro', '2025-08-12 15:01:00', NULL),
    (513, 127, 'MODERADOR ', '2025-08-13 16:01:00', NULL),
    (506, 128, 'Moderador', '2025-11-18 16:12:00', '2025-12-28 18:00:00'),
    (510, 128, 'MIEMBRO', '2025-11-19 17:12:00', '2025-12-28 18:00:00'),
    (514, 128, 'admin ', '2025-11-20 18:12:00', NULL),
    (507, 129, 'ADMIN ', '2025-02-25 18:23:00', NULL),
    (511, 129, 'Miembro', '2025-02-26 19:23:00', NULL),
    (515, 129, 'MODERADOR', '2025-02-27 20:23:00', NULL),
    (517, 130, 'ADMIN', '2025-09-14 16:08:00', NULL),
    (521, 130, 'miembro', '2025-09-15 17:08:00', NULL),
    (525, 130, 'MODERADOR ', '2025-09-16 18:08:00', NULL),
    (518, 131, 'Moderador', '2025-12-21 18:19:00', '2025-12-28 18:00:00'),
    (522, 131, 'MIEMBRO', '2025-12-22 19:19:00', '2025-12-28 18:00:00'),
    (526, 131, 'admin ', '2025-12-23 20:19:00', NULL),
    (519, 132, 'ADMIN ', '2025-03-04 02:30:00', '2025-04-18 02:30:00'),
    (523, 132, 'Miembro', '2025-03-05 03:30:00', '2025-05-04 03:30:00'),
    (527, 132, 'MODERADOR', '2025-03-06 00:30:00', '2025-05-20 00:30:00'),
    (529, 133, 'ADMIN', '2025-10-17 18:15:00', NULL),
    (533, 133, 'miembro', '2025-10-18 19:15:00', NULL),
    (537, 133, 'MODERADOR ', '2025-10-19 20:15:00', NULL),
    (530, 134, 'Moderador', '2025-01-24 02:26:00', '2025-04-04 02:26:00'),
    (534, 134, 'MIEMBRO', '2025-01-25 03:26:00', '2025-04-15 03:26:00'),
    (538, 134, 'admin ', '2025-01-26 00:26:00', NULL),
    (531, 135, 'ADMIN ', '2025-04-07 04:37:00', NULL),
    (535, 135, 'Miembro', '2025-04-08 01:37:00', NULL),
    (539, 135, 'MODERADOR', '2025-04-09 02:37:00', NULL),
    (541, 136, 'ADMIN', '2025-11-20 02:22:00', NULL),
    (545, 136, 'miembro', '2025-11-21 03:22:00', NULL),
    (549, 136, 'MODERADOR ', '2025-11-22 00:22:00', NULL),
    (542, 137, 'Moderador', '2025-02-03 04:33:00', '2025-04-14 04:33:00'),
    (546, 137, 'MIEMBRO', '2025-02-04 01:33:00', '2025-04-25 01:33:00'),
    (550, 137, 'admin ', '2025-02-05 02:33:00', NULL),
    (543, 138, 'ADMIN ', '2025-05-10 02:44:00', '2025-06-24 02:44:00'),
    (547, 138, 'Miembro', '2025-05-11 03:44:00', '2025-07-10 03:44:00'),
    (551, 138, 'MODERADOR', '2025-05-12 04:44:00', '2025-07-26 04:44:00'),
    (553, 139, 'ADMIN', '2025-12-23 04:29:00', NULL),
    (557, 139, 'miembro', '2025-12-24 01:29:00', NULL),
    (561, 139, 'MODERADOR ', '2025-12-25 02:29:00', NULL),
    (554, 140, 'Moderador', '2025-03-06 02:40:00', '2025-05-15 02:40:00'),
    (558, 140, 'MIEMBRO', '2025-03-07 03:40:00', '2025-05-26 03:40:00'),
    (562, 140, 'admin ', '2025-03-08 04:40:00', NULL),
    (555, 141, 'ADMIN ', '2025-06-13 04:51:00', NULL),
    (559, 141, 'Miembro', '2025-06-14 05:51:00', NULL),
    (563, 141, 'MODERADOR', '2025-06-15 06:51:00', '2025-10-13 06:51:00'),
    (565, 142, 'ADMIN', '2025-01-02 02:36:00', NULL),
    (569, 142, 'miembro', '2025-01-03 03:36:00', NULL),
    (573, 142, 'MODERADOR ', '2025-01-04 04:36:00', '2025-05-04 04:36:00'),
    (566, 143, 'Moderador', '2025-04-09 04:47:00', '2025-06-18 04:47:00'),
    (570, 143, 'MIEMBRO', '2025-04-10 05:47:00', '2025-06-29 05:47:00'),
    (574, 143, 'admin ', '2025-04-11 06:47:00', NULL),
    (567, 144, 'ADMIN ', '2025-07-16 06:58:00', '2025-08-30 06:58:00'),
    (571, 144, 'Miembro', '2025-07-17 07:58:00', '2025-09-15 07:58:00'),
    (575, 144, 'MODERADOR', '2025-07-18 04:58:00', '2025-10-01 04:58:00'),
    (577, 145, 'ADMIN', '2025-02-05 04:43:00', NULL),
    (581, 145, 'miembro', '2025-02-06 05:43:00', '2025-06-06 05:43:00'),
    (585, 145, 'MODERADOR ', '2025-02-07 06:43:00', NULL),
    (578, 146, 'Moderador', '2025-05-12 06:54:00', '2025-07-21 06:54:00'),
    (582, 146, 'MIEMBRO', '2025-05-13 07:54:00', '2025-08-01 07:54:00'),
    (586, 146, 'admin ', '2025-05-14 04:54:00', NULL),
    (579, 147, 'ADMIN ', '2025-08-19 08:05:00', '2025-12-17 08:05:00'),
    (583, 147, 'Miembro', '2025-08-20 05:05:00', NULL),
    (587, 147, 'MODERADOR', '2025-08-21 06:05:00', NULL),
    (589, 148, 'ADMIN', '2025-03-08 06:50:00', '2025-07-06 06:50:00'),
    (593, 148, 'miembro', '2025-03-09 07:50:00', NULL),
    (597, 148, 'MODERADOR ', '2025-03-10 04:50:00', NULL),
    (590, 149, 'Moderador', '2025-06-15 08:01:00', '2025-08-24 08:01:00'),
    (594, 149, 'MIEMBRO', '2025-06-16 05:01:00', '2025-09-04 05:01:00'),
    (598, 149, 'admin ', '2025-06-17 06:01:00', NULL),
    (591, 150, 'ADMIN ', '2025-09-22 06:12:00', '2025-11-06 06:12:00'),
    (595, 150, 'Miembro', '2025-09-23 07:12:00', '2025-11-22 07:12:00'),
    (599, 150, 'MODERADOR', '2025-09-24 08:12:00', '2025-12-08 08:12:00');

INSERT INTO NumeroDID (ID_Numero, ID_Usuario, numero, tipo, estado) VALUES
    (1, 1, '2000001', 'Local', 'portado'),
    (2, 2, '2000002', ' local ', 'Activo '),
    (3, 3, '2000003', 'local', 'ACTIVO'),
    (4, 4, '+3490000004', 'internacional ', 'activo'),
    (5, 5, '2000005', 'Local', 'Activo'),
    (6, 6, '2000006', ' local ', 'ACTIVO'),
    (7, 7, '2000007', 'local', 'portado'),
    (8, 8, '+3490000008', 'Internacional', 'Activo '),
    (9, 9, '2000009', 'Local', 'ACTIVO'),
    (10, 10, '2000010', ' local ', 'activo'),
    (11, 11, '2000011', 'local', 'Activo'),
    (12, 12, '+3490000012', 'internacional ', 'ACTIVO'),
    (13, 13, '2000013', 'Local', 'portado'),
    (14, 14, '2000014', ' local ', 'Activo '),
    (15, 15, '2000015', 'local', 'ACTIVO'),
    (16, 16, '+3390000016', 'Internacional', 'activo'),
    (17, 17, '2000017', 'Local', 'Activo'),
    (18, 18, '2000018', ' local ', 'ACTIVO'),
    (19, 19, '2000019', 'local', 'portado'),
    (20, 20, '+3390000020', 'internacional ', 'Activo '),
    (21, 21, '2000021', 'Local', 'ACTIVO'),
    (22, 22, '2000022', ' local ', 'activo'),
    (23, 23, '2000023', 'local', 'Activo'),
    (24, 24, '+3390000024', 'Internacional', 'ACTIVO'),
    (25, 25, '2000025', 'Local', 'portado'),
    (26, 26, '2000026', ' local ', 'Activo '),
    (27, 27, '2000027', 'local', 'ACTIVO'),
    (28, 28, '+4990000028', 'internacional ', 'activo'),
    (29, 29, '2000029', 'Local', 'Activo'),
    (30, 30, '2000030', ' local ', 'ACTIVO'),
    (31, 31, '2000031', 'local', 'portado'),
    (32, 32, '+4990000032', 'Internacional', 'Activo '),
    (33, 33, '2000033', 'Local', 'ACTIVO'),
    (34, 34, '2000034', ' local ', 'activo'),
    (35, 35, '2000035', 'local', 'Activo'),
    (36, 36, '+4990000036', 'internacional ', 'ACTIVO'),
    (37, 37, '2000037', 'Local', 'portado'),
    (38, 38, '2000038', ' local ', 'Activo '),
    (39, 39, '2000039', 'local', 'ACTIVO'),
    (40, 40, '+3190000040', 'Internacional', 'activo'),
    (41, 41, '2000041', 'Local', 'Activo'),
    (42, 42, '2000042', ' local ', 'ACTIVO'),
    (43, 43, '2000043', 'local', 'portado'),
    (44, 44, '+3190000044', 'internacional ', 'Activo '),
    (45, 45, '2000045', 'Local', 'ACTIVO'),
    (46, 46, '2000046', ' local ', 'activo'),
    (47, 47, '2000047', 'local', 'Activo'),
    (48, 48, '+3190000048', 'Internacional', 'ACTIVO'),
    (49, 49, '2000049', 'Local', 'portado'),
    (50, 50, '2000050', ' local ', 'Activo '),
    (51, 51, '2000051', 'local', 'ACTIVO'),
    (52, 52, '+4490000052', 'internacional ', 'activo'),
    (53, 53, '2000053', 'Local', 'Activo'),
    (54, 54, '2000054', ' local ', 'ACTIVO'),
    (55, 55, '2000055', 'local', 'portado'),
    (56, 56, '+4490000056', 'Internacional', 'Activo '),
    (57, 57, '2000057', 'Local', 'ACTIVO'),
    (58, 58, '2000058', ' local ', 'activo'),
    (59, 59, '2000059', 'local', 'Activo'),
    (60, 60, '+4490000060', 'internacional ', 'ACTIVO'),
    (61, 61, '2000061', 'Local', 'portado'),
    (62, 62, '2000062', ' local ', 'Activo '),
    (63, 63, '2000063', 'local', 'ACTIVO'),
    (64, 64, '+3990000064', 'Internacional', 'activo'),
    (65, 65, '2000065', 'Local', 'Activo'),
    (66, 66, '2000066', ' local ', 'ACTIVO'),
    (67, 67, '2000067', 'local', 'portado'),
    (68, 68, '+3990000068', 'internacional ', 'Activo '),
    (69, 69, '2000069', 'Local', 'ACTIVO'),
    (70, 70, '2000070', ' local ', 'activo'),
    (71, 71, '2000071', 'local', 'Activo'),
    (72, 72, '+3990000072', 'Internacional', 'ACTIVO'),
    (73, 73, '2000073', 'Local', 'portado'),
    (74, 74, '2000074', ' local ', 'Activo '),
    (75, 75, '2000075', 'local', 'ACTIVO'),
    (76, 76, '+4690000076', 'internacional ', 'activo'),
    (77, 77, '2000077', 'Local', 'Activo'),
    (78, 78, '2000078', ' local ', 'ACTIVO'),
    (79, 79, '2000079', 'local', 'portado'),
    (80, 80, '+4690000080', 'Internacional', 'Activo '),
    (81, 81, '2000081', 'Local', 'ACTIVO'),
    (82, 82, '2000082', ' local ', 'activo'),
    (83, 83, '2000083', 'local', 'Activo'),
    (84, 84, '+4690000084', 'internacional ', 'ACTIVO'),
    (85, 85, '2000085', 'Local', 'portado'),
    (86, 86, '2000086', ' local ', 'Activo '),
    (87, 87, '2000087', 'local', 'ACTIVO'),
    (88, 88, '+3490000088', 'Internacional', 'activo'),
    (89, 89, '2000089', 'Local', 'Activo'),
    (90, 90, '2000090', ' local ', 'ACTIVO'),
    (91, 91, '2000091', 'local', 'portado'),
    (92, 92, '+3490000092', 'internacional ', 'Activo '),
    (93, 93, '2000093', 'Local', 'ACTIVO'),
    (94, 94, '2000094', ' local ', 'activo'),
    (95, 95, '2000095', 'local', 'Activo'),
    (96, 96, '+3490000096', 'Internacional', 'ACTIVO'),
    (97, 97, '2000097', 'Local', 'portado'),
    (98, 98, '2000098', ' local ', 'Activo '),
    (99, 99, '2000099', 'local', 'ACTIVO'),
    (100, 100, '+4890000100', 'internacional ', 'activo'),
    (101, 101, '2000101', 'Local', 'Activo'),
    (102, 102, '2000102', ' local ', 'ACTIVO'),
    (103, 103, '2000103', 'local', 'portado'),
    (104, 104, '+4890000104', 'Internacional', 'Activo '),
    (105, 105, '2000105', 'Local', 'ACTIVO'),
    (106, 106, '2000106', ' local ', 'activo'),
    (107, 107, '2000107', 'local', 'Activo'),
    (108, 108, '+4890000108', 'internacional ', 'ACTIVO'),
    (109, 109, '2000109', 'Local', 'portado'),
    (110, 110, '2000110', ' local ', 'Activo '),
    (111, 111, '2000111', 'local', 'ACTIVO'),
    (112, 112, '+35190000112', 'Internacional', 'activo'),
    (113, 113, '2000113', 'Local', 'Activo'),
    (114, 114, '2000114', ' local ', 'ACTIVO'),
    (115, 115, '2000115', 'local', 'portado'),
    (116, 116, '+35190000116', 'internacional ', 'Activo '),
    (117, 117, '2000117', 'Local', 'ACTIVO'),
    (118, 118, '2000118', ' local ', 'activo'),
    (119, 119, '2000119', 'local', 'Activo'),
    (120, 120, '+35190000120', 'Internacional', 'ACTIVO'),
    (121, 121, '2000121', 'Local', 'portado'),
    (122, 122, '2000122', ' local ', 'Activo '),
    (123, 123, '2000123', 'local', 'ACTIVO'),
    (124, 124, '+4390000124', 'internacional ', 'activo'),
    (125, 125, '2000125', 'Local', 'Activo'),
    (126, 126, '2000126', ' local ', 'ACTIVO'),
    (127, 127, '2000127', 'local', 'portado'),
    (128, 128, '+4390000128', 'Internacional', 'Activo '),
    (129, 129, '2000129', 'Local', 'ACTIVO'),
    (130, 130, '2000130', ' local ', 'activo'),
    (131, 131, '2000131', 'local', 'Activo'),
    (132, 132, '+4390000132', 'internacional ', 'ACTIVO'),
    (133, 133, '2000133', 'Local', 'portado'),
    (134, 134, '2000134', ' local ', 'Activo '),
    (135, 135, '2000135', 'local', 'ACTIVO'),
    (136, 136, '+3290000136', 'Internacional', 'activo'),
    (137, 137, '2000137', 'Local', 'Activo'),
    (138, 138, '2000138', ' local ', 'ACTIVO'),
    (139, 139, '2000139', 'local', 'portado'),
    (140, 140, '+3290000140', 'internacional ', 'Activo '),
    (141, 141, '2000141', 'Local', 'ACTIVO'),
    (142, 142, '2000142', ' local ', 'activo'),
    (143, 143, '2000143', 'local', 'bloqueado '),
    (144, 144, '+3290000144', 'Internacional', 'ACTIVO'),
    (145, 145, '2000145', 'Local', 'activo'),
    (146, 146, '2000146', ' local ', 'portado'),
    (147, 147, '2000147', 'local', 'ACTIVO'),
    (148, 148, '+4190000148', 'internacional ', 'activo'),
    (149, 149, '2000149', 'Local', 'Activo'),
    (150, 150, '2000150', ' local ', 'ACTIVO'),
    (151, 151, '2000151', 'local', 'activo'),
    (152, 152, '+4190000152', 'Internacional', 'portado'),
    (153, 153, '2000153', 'Local', 'ACTIVO'),
    (154, 154, '2000154', ' local ', 'activo'),
    (155, 155, '2000155', 'local', 'Activo'),
    (156, 156, '+4190000156', 'internacional ', 'ACTIVO'),
    (157, 157, '2000157', 'Local', 'activo'),
    (158, 158, '2000158', ' local ', 'portado'),
    (159, 159, '2000159', 'local', 'ACTIVO'),
    (160, 160, '+4990000160', 'Internacional', 'activo'),
    (161, 161, '2000161', 'Local', 'Activo'),
    (162, 162, '2000162', ' local ', 'ACTIVO'),
    (163, 163, '2000163', 'local', 'activo'),
    (164, 164, '+4990000164', 'internacional ', 'portado'),
    (165, 165, '2000165', 'Local', 'ACTIVO'),
    (166, 166, '2000166', ' local ', 'activo'),
    (167, 167, '2000167', 'local', 'Activo'),
    (168, 168, '+4990000168', 'Internacional', 'ACTIVO'),
    (169, 169, '2000169', 'Local', 'activo'),
    (170, 170, '2000170', ' local ', 'portado'),
    (171, 171, '2000171', 'local', 'ACTIVO'),
    (172, 172, '+3390000172', 'internacional ', 'activo'),
    (173, 173, '2000173', 'Local', 'Activo'),
    (174, 174, '2000174', ' local ', 'ACTIVO'),
    (175, 175, '2000175', 'local', 'activo'),
    (176, 176, '+3390000176', 'Internacional', 'portado'),
    (177, 177, '2000177', 'Local', 'ACTIVO'),
    (178, 178, '2000178', ' local ', 'activo'),
    (179, 179, '2000179', 'local', 'Activo'),
    (180, 180, '+3390000180', 'internacional ', 'ACTIVO'),
    (181, 181, '2000181', 'Local', 'activo'),
    (182, 182, '2000182', ' local ', 'portado'),
    (183, 183, '2000183', 'local', 'ACTIVO'),
    (184, 184, '+3190000184', 'Internacional', 'activo'),
    (185, 185, '2000185', 'Local', 'Activo'),
    (186, 186, '2000186', ' local ', 'ACTIVO'),
    (187, 187, '2000187', 'local', 'activo'),
    (188, 188, '+3190000188', 'internacional ', 'portado'),
    (189, 189, '2000189', 'Local', 'ACTIVO'),
    (190, 190, '2000190', ' local ', 'activo'),
    (191, 191, '2000191', 'local', 'Activo'),
    (192, 192, '+3190000192', 'Internacional', 'ACTIVO'),
    (193, 193, '2000193', 'Local', 'activo'),
    (194, 194, '2000194', ' local ', 'portado'),
    (195, 195, '2000195', 'local', 'ACTIVO'),
    (196, 196, '+4690000196', 'internacional ', 'activo'),
    (197, 197, '2000197', 'Local', 'Activo'),
    (198, 198, '2000198', ' local ', 'ACTIVO'),
    (199, 199, '2000199', 'local', 'activo'),
    (200, 200, '+4690000200', 'Internacional', 'portado'),
    (201, 201, '2000201', 'Local', 'ACTIVO'),
    (202, 202, '2000202', ' local ', 'activo'),
    (203, 203, '2000203', 'local', 'Activo'),
    (204, 204, '+4690000204', 'internacional ', 'ACTIVO'),
    (205, 205, '2000205', 'Local', 'activo'),
    (206, 206, '2000206', ' local ', 'portado'),
    (207, 207, '2000207', 'local', 'ACTIVO'),
    (208, 208, '+4490000208', 'Internacional', 'activo'),
    (209, 209, '2000209', 'Local', 'Activo'),
    (210, 210, '2000210', ' local ', 'ACTIVO'),
    (211, 211, '2000211', 'local', 'activo'),
    (212, 212, '+4490000212', 'internacional ', 'portado'),
    (213, 213, '2000213', 'Local', 'ACTIVO'),
    (214, 214, '2000214', ' local ', 'activo'),
    (215, 215, '2000215', 'local', 'Activo'),
    (216, 216, '+4490000216', 'Internacional', 'ACTIVO'),
    (217, 217, '2000217', 'Local', 'activo'),
    (218, 218, '2000218', ' local ', 'portado'),
    (219, 219, '2000219', 'local', 'ACTIVO'),
    (220, 220, '+3490000220', 'internacional ', 'activo'),
    (221, 221, '2000221', 'Local', 'Activo'),
    (222, 222, '2000222', ' local ', 'ACTIVO'),
    (223, 223, '2000223', 'local', 'activo'),
    (224, 224, '+3490000224', 'Internacional', 'portado'),
    (225, 225, '2000225', 'Local', 'ACTIVO'),
    (226, 226, '2000226', ' local ', 'activo'),
    (227, 227, '2000227', 'local', 'Activo'),
    (228, 228, '+3490000228', 'internacional ', 'ACTIVO'),
    (229, 229, '2000229', 'Local', 'activo'),
    (230, 230, '2000230', ' local ', 'portado'),
    (231, 231, '2000231', 'local', 'ACTIVO'),
    (232, 232, '+3990000232', 'Internacional', 'activo'),
    (233, 233, '2000233', 'Local', 'Activo'),
    (234, 234, '2000234', ' local ', 'ACTIVO'),
    (235, 235, '2000235', 'local', 'activo'),
    (236, 236, '+3990000236', 'internacional ', 'portado'),
    (237, 237, '2000237', 'Local', 'ACTIVO'),
    (238, 238, '2000238', ' local ', 'activo'),
    (239, 239, '2000239', 'local', 'Activo'),
    (240, 240, '+3990000240', 'Internacional', 'ACTIVO'),
    (241, 241, '2000241', 'Local', 'activo'),
    (242, 242, '2000242', ' local ', 'portado'),
    (243, 243, '2000243', 'local', 'ACTIVO'),
    (244, 244, '+4890000244', 'internacional ', 'inactivo'),
    (245, 245, '2000245', 'Local', 'Activo'),
    (246, 246, '2000246', ' local ', 'ACTIVO'),
    (247, 247, '2000247', 'local', 'activo'),
    (248, 248, '+4890000248', 'Internacional', 'Activo '),
    (249, 249, '2000249', 'Local', 'portado'),
    (250, 250, '2000250', ' local ', 'activo'),
    (251, 251, '2000251', 'local', 'Activo'),
    (252, 252, '+4890000252', 'internacional ', 'ACTIVO'),
    (253, 253, '2000253', 'Local', 'activo'),
    (254, 254, '2000254', ' local ', 'Activo '),
    (255, 255, '2000255', 'local', 'bloqueado '),
    (256, 256, '+35190000256', 'Internacional', 'portado'),
    (257, 257, '2000257', 'Local', 'Activo'),
    (258, 258, '2000258', ' local ', 'ACTIVO'),
    (259, 259, '2000259', 'local', 'activo'),
    (260, 260, '+35190000260', 'internacional ', 'Activo '),
    (261, 261, '2000261', 'Local', 'ACTIVO'),
    (262, 262, '2000262', ' local ', 'portado'),
    (263, 263, '2000263', 'local', 'Activo'),
    (264, 264, '+35190000264', 'Internacional', 'ACTIVO'),
    (265, 265, '2000265', 'Local', 'activo'),
    (266, 266, '2000266', ' local ', 'Activo '),
    (267, 267, '2000267', 'local', 'ACTIVO'),
    (268, 268, '+4390000268', 'internacional ', 'portado'),
    (269, 269, '2000269', 'Local', 'Activo'),
    (270, 270, '2000270', ' local ', 'ACTIVO'),
    (271, 271, '2000271', 'local', 'activo'),
    (272, 272, '+4390000272', 'Internacional', 'Activo '),
    (273, 273, '2000273', 'Local', 'ACTIVO'),
    (274, 274, '2000274', ' local ', 'portado'),
    (275, 275, '2000275', 'local', 'Activo'),
    (276, 276, '+4390000276', 'internacional ', 'inactivo'),
    (277, 277, '2000277', 'Local', 'activo'),
    (278, 278, '2000278', ' local ', 'Activo '),
    (279, 279, '2000279', 'local', 'ACTIVO'),
    (280, 280, '+3290000280', 'Internacional', 'activo'),
    (281, 281, '2000281', 'Local', 'portado'),
    (282, 282, '2000282', ' local ', 'ACTIVO'),
    (283, 283, '2000283', 'local', 'activo'),
    (284, 284, '+3290000284', 'internacional ', 'Activo '),
    (285, 285, '2000285', 'Local', 'ACTIVO'),
    (286, 286, '2000286', ' local ', 'activo'),
    (287, 287, '2000287', 'local', 'portado'),
    (288, 288, '+3290000288', 'Internacional', 'ACTIVO'),
    (289, 289, '2000289', 'Local', 'activo'),
    (290, 290, '2000290', ' local ', 'Activo '),
    (291, 291, '2000291', 'local', 'ACTIVO'),
    (292, 292, '+4190000292', 'internacional ', 'activo'),
    (293, 293, '2000293', 'Local', 'portado'),
    (294, 294, '2000294', ' local ', 'ACTIVO'),
    (295, 295, '2000295', 'local', 'bloqueado '),
    (296, 296, '+4190000296', 'Internacional', 'Activo '),
    (297, 297, '2000297', 'Local', 'ACTIVO'),
    (298, 298, '2000298', ' local ', 'activo'),
    (299, 299, '2000299', 'local', 'Activo'),
    (300, 300, '+4190000300', 'internacional ', 'portado'),
    (301, 301, '2000301', 'Local', 'activo'),
    (302, 302, '2000302', ' local ', 'Activo '),
    (303, 303, '2000303', 'local', 'ACTIVO'),
    (304, 304, '+4990000304', 'Internacional', 'activo'),
    (305, 305, '2000305', 'Local', 'Activo'),
    (306, 306, '2000306', ' local ', 'portado'),
    (307, 307, '2000307', 'local', 'activo'),
    (308, 308, '+4990000308', 'internacional ', 'Activo '),
    (309, 309, '2000309', 'Local', 'ACTIVO'),
    (310, 310, '2000310', ' local ', 'activo'),
    (311, 311, '2000311', 'local', 'Activo'),
    (312, 312, '+4990000312', 'Internacional', 'inactivo'),
    (313, 313, '2000313', 'Local', 'portado'),
    (314, 314, '2000314', ' local ', 'Activo '),
    (315, 315, '2000315', 'local', 'ACTIVO'),
    (316, 316, '+3390000316', 'internacional ', 'activo'),
    (317, 317, '2000317', 'Local', 'Activo'),
    (318, 318, '2000318', ' local ', 'ACTIVO'),
    (319, 319, '2000319', 'local', 'portado'),
    (320, 320, '+3390000320', 'Internacional', 'inactivo'),
    (321, 321, '2000321', 'Local', 'ACTIVO'),
    (322, 322, '2000322', ' local ', 'activo'),
    (323, 323, '2000323', 'local', 'Activo'),
    (324, 324, '+3390000324', 'internacional ', 'ACTIVO'),
    (325, 325, '2000325', 'Local', 'activo'),
    (326, 326, '2000326', ' local ', 'inactivo '),
    (327, 327, '2000327', 'local', 'portado'),
    (328, 328, '+3190000328', 'Internacional', 'activo'),
    (329, 329, '2000329', 'Local', 'Activo'),
    (330, 330, '2000330', ' local ', 'ACTIVO'),
    (331, 331, '2000331', 'local', 'activo'),
    (332, 332, '+3190000332', 'internacional ', 'Activo '),
    (333, 333, '2000333', 'Local', 'portado'),
    (334, 334, '2000334', ' local ', 'activo'),
    (335, 335, '2000335', 'local', 'Activo'),
    (336, 336, '+3190000336', 'Internacional', 'ACTIVO'),
    (337, 337, '2000337', 'Local', 'activo'),
    (338, 338, '2000338', ' local ', 'Activo '),
    (339, 339, '2000339', 'local', 'portado'),
    (340, 340, '+4690000340', 'internacional ', 'activo'),
    (341, 341, '2000341', 'Local', 'Activo'),
    (342, 342, '2000342', ' local ', 'ACTIVO'),
    (343, 343, '2000343', 'local', 'activo'),
    (344, 344, '+4690000344', 'Internacional', 'Activo '),
    (345, 345, '2000345', 'Local', 'portado'),
    (346, 346, '2000346', ' local ', 'activo'),
    (347, 347, '2000347', 'local', 'Activo'),
    (348, 348, '+4690000348', 'internacional ', 'ACTIVO'),
    (349, 349, '2000349', 'Local', 'activo'),
    (350, 350, '2000350', ' local ', 'Activo '),
    (351, 351, '2000351', 'local', 'portado'),
    (352, 352, '+4490000352', 'Internacional', 'activo'),
    (353, 353, '2000353', 'Local', 'Activo'),
    (354, 354, '2000354', ' local ', 'ACTIVO'),
    (355, 355, '2000355', 'local', 'activo'),
    (356, 356, '+4490000356', 'internacional ', 'Activo '),
    (357, 357, '2000357', 'Local', 'portado'),
    (358, 358, '2000358', ' local ', 'activo'),
    (359, 359, '2000359', 'local', 'Activo'),
    (360, 360, '+4490000360', 'Internacional', 'ACTIVO'),
    (361, 361, '2000361', 'Local', 'activo'),
    (362, 362, '2000362', ' local ', 'Activo '),
    (363, 363, '2000363', 'local', 'portado'),
    (364, 364, '+3490000364', 'internacional ', 'inactivo'),
    (365, 365, '2000365', 'Local', 'Activo'),
    (366, 366, '2000366', ' local ', 'ACTIVO'),
    (367, 367, '2000367', 'local', 'activo'),
    (368, 368, '+3490000368', 'Internacional', 'Activo '),
    (369, 369, '2000369', 'Local', 'ACTIVO'),
    (370, 370, '2000370', ' local ', 'portado'),
    (371, 371, '2000371', 'local', 'Activo'),
    (372, 372, '+3490000372', 'internacional ', 'ACTIVO'),
    (373, 373, '2000373', 'Local', 'activo'),
    (374, 374, '2000374', ' local ', 'Activo '),
    (375, 375, '2000375', 'local', 'ACTIVO'),
    (376, 376, '+3990000376', 'Internacional', 'portado'),
    (377, 377, '2000377', 'Local', 'Activo'),
    (378, 378, '2000378', ' local ', 'ACTIVO'),
    (379, 379, '2000379', 'local', 'activo'),
    (380, 380, '+3990000380', 'internacional ', 'Activo '),
    (381, 381, '2000381', 'Local', 'ACTIVO'),
    (382, 382, '2000382', ' local ', 'portado'),
    (383, 383, '2000383', 'local', 'Activo'),
    (384, 384, '+3990000384', 'Internacional', 'ACTIVO'),
    (385, 385, '2000385', 'Local', 'activo'),
    (386, 386, '2000386', ' local ', 'Activo '),
    (387, 387, '2000387', 'local', 'ACTIVO'),
    (388, 388, '+4890000388', 'internacional ', 'inactivo'),
    (389, 389, '2000389', 'Local', 'portado'),
    (390, 390, '2000390', ' local ', 'ACTIVO'),
    (391, 391, '2000391', 'local', 'activo'),
    (392, 392, '+4890000392', 'Internacional', 'Activo '),
    (393, 393, '2000393', 'Local', 'ACTIVO'),
    (394, 394, '2000394', ' local ', 'activo'),
    (395, 395, '2000395', 'local', 'portado'),
    (396, 396, '+4890000396', 'internacional ', 'ACTIVO'),
    (397, 397, '2000397', 'Local', 'activo'),
    (398, 398, '2000398', ' local ', 'Activo '),
    (399, 399, '2000399', 'local', 'ACTIVO'),
    (400, 400, '+35190000400', 'Internacional', 'inactivo'),
    (401, 401, '2000401', 'Local', 'Activo'),
    (402, 402, '2000402', ' local ', 'portado'),
    (403, 403, '2000403', 'local', 'activo'),
    (404, 404, '+35190000404', 'internacional ', 'Activo '),
    (405, 405, '2000405', 'Local', 'ACTIVO'),
    (406, 406, '2000406', ' local ', 'activo'),
    (407, 407, '2000407', 'local', 'Activo'),
    (408, 408, '+35190000408', 'Internacional', 'inactivo'),
    (409, 409, '2000409', 'Local', 'portado'),
    (410, 410, '2000410', ' local ', 'Activo '),
    (411, 411, '2000411', 'local', 'ACTIVO'),
    (412, 412, '+4390000412', 'internacional ', 'activo'),
    (413, 413, '2000413', 'Local', 'Activo'),
    (414, 414, '2000414', ' local ', 'ACTIVO'),
    (415, 415, '2000415', 'local', 'bloqueado '),
    (416, 416, '+4390000416', 'Internacional', 'portado'),
    (417, 417, '2000417', 'Local', 'ACTIVO'),
    (418, 418, '2000418', ' local ', 'activo'),
    (419, 419, '2000419', 'local', 'Activo'),
    (420, 420, '+4390000420', 'internacional ', 'inactivo'),
    (421, 421, '2000421', 'Local', 'activo'),
    (422, 422, '2000422', ' local ', 'Activo '),
    (423, 423, '2000423', 'local', 'portado'),
    (424, 424, '+3290000424', 'Internacional', 'activo'),
    (425, 425, '2000425', 'Local', 'Activo'),
    (426, 426, '2000426', ' local ', 'ACTIVO'),
    (427, 427, '2000427', 'local', 'activo'),
    (428, 428, '+3290000428', 'internacional ', 'Activo '),
    (429, 429, '2000429', 'Local', 'portado'),
    (430, 430, '2000430', ' local ', 'activo'),
    (431, 431, '2000431', 'local', 'bloqueado '),
    (432, 432, '+3290000432', 'Internacional', 'ACTIVO'),
    (433, 433, '2000433', 'Local', 'activo'),
    (434, 434, '2000434', ' local ', 'Activo '),
    (435, 435, '2000435', 'local', 'ACTIVO'),
    (436, 436, '+4190000436', 'internacional ', 'inactivo'),
    (437, 437, '2000437', 'Local', 'portado'),
    (438, 438, '2000438', ' local ', 'ACTIVO'),
    (439, 439, '2000439', 'local', 'activo'),
    (440, 440, '+4190000440', 'Internacional', 'Activo '),
    (441, 441, '2000441', 'Local', 'ACTIVO'),
    (442, 442, '2000442', ' local ', 'activo'),
    (443, 443, '2000443', 'local', 'portado'),
    (444, 444, '+4190000444', 'internacional ', 'ACTIVO'),
    (445, 445, '2000445', 'Local', 'activo'),
    (446, 446, '2000446', ' local ', 'Activo '),
    (447, 447, '2000447', 'local', 'bloqueado '),
    (448, 448, '+4990000448', 'Internacional', 'activo'),
    (449, 449, '2000449', 'Local', 'Activo'),
    (450, 450, '2000450', ' local ', 'portado'),
    (451, 451, '2000451', 'local', 'activo'),
    (452, 452, '+4990000452', 'internacional ', 'Activo '),
    (453, 453, '2000453', 'Local', 'ACTIVO'),
    (454, 454, '2000454', ' local ', 'activo'),
    (455, 455, '2000455', 'local', 'Activo'),
    (456, 456, '+4990000456', 'Internacional', 'portado'),
    (457, 457, '2000457', 'Local', 'activo'),
    (458, 458, '2000458', ' local ', 'Activo '),
    (459, 459, '2000459', 'local', 'ACTIVO'),
    (460, 460, '+3390000460', 'internacional ', 'activo'),
    (461, 461, '2000461', 'Local', 'Activo'),
    (462, 462, '2000462', ' local ', 'portado'),
    (463, 463, '2000463', 'local', 'activo'),
    (464, 464, '+3390000464', 'Internacional', 'Activo '),
    (465, 465, '2000465', 'Local', 'ACTIVO'),
    (466, 466, '2000466', ' local ', 'activo'),
    (467, 467, '2000467', 'local', 'Activo'),
    (468, 468, '+3390000468', 'internacional ', 'portado'),
    (469, 469, '2000469', 'Local', 'activo'),
    (470, 470, '2000470', ' local ', 'Activo '),
    (471, 471, '2000471', 'local', 'ACTIVO'),
    (472, 472, '+3190000472', 'Internacional', 'activo'),
    (473, 473, '2000473', 'Local', 'Activo'),
    (474, 474, '2000474', ' local ', 'portado'),
    (475, 475, '2000475', 'local', 'activo'),
    (476, 476, '+3190000476', 'internacional ', 'Activo '),
    (477, 477, '2000477', 'Local', 'ACTIVO'),
    (478, 478, '2000478', ' local ', 'activo'),
    (479, 479, '2000479', 'local', 'Activo'),
    (480, 480, '+3190000480', 'Internacional', 'portado'),
    (481, 481, '2000481', 'Local', 'activo'),
    (482, 482, '2000482', ' local ', 'Activo '),
    (483, 483, '2000483', 'local', 'ACTIVO'),
    (484, 484, '+4690000484', 'internacional ', 'activo'),
    (485, 485, '2000485', 'Local', 'Activo'),
    (486, 486, '2000486', ' local ', 'portado'),
    (487, 487, '2000487', 'local', 'activo'),
    (488, 488, '+4690000488', 'Internacional', 'inactivo'),
    (489, 489, '2000489', 'Local', 'ACTIVO'),
    (490, 490, '2000490', ' local ', 'activo'),
    (491, 491, '2000491', 'local', 'Activo'),
    (492, 492, '+4690000492', 'internacional ', 'ACTIVO'),
    (493, 493, '2000493', 'Local', 'portado'),
    (494, 494, '2000494', ' local ', 'inactivo '),
    (495, 495, '2000495', 'local', 'ACTIVO'),
    (496, 496, '+4490000496', 'Internacional', 'activo'),
    (497, 497, '2000497', 'Local', 'Activo'),
    (498, 498, '2000498', ' local ', 'ACTIVO'),
    (499, 499, '2000499', 'local', 'activo'),
    (500, 500, '+4490000500', 'internacional ', 'portado'),
    (501, 501, '2000501', 'Local', 'ACTIVO'),
    (502, 502, '2000502', ' local ', 'activo'),
    (503, 503, '2000503', 'local', 'Activo'),
    (504, 504, '+4490000504', 'Internacional', 'inactivo'),
    (505, 505, '2000505', 'Local', 'activo'),
    (506, 506, '2000506', ' local ', 'Activo '),
    (507, 507, '2000507', 'local', 'ACTIVO'),
    (508, 508, '+3490000508', 'internacional ', 'activo'),
    (509, 509, '2000509', 'Local', 'Activo'),
    (510, 510, '2000510', ' local ', 'ACTIVO'),
    (511, 511, '2000511', 'local', 'activo'),
    (512, 512, '+3490000512', 'Internacional', 'inactivo'),
    (513, 513, '2000513', 'Local', 'ACTIVO'),
    (514, 514, '2000514', ' local ', 'activo'),
    (515, 515, '2000515', 'local', 'Activo'),
    (516, 516, '+3490000516', 'internacional ', 'inactivo'),
    (517, 517, '2000517', 'Local', 'activo'),
    (518, 518, '2000518', ' local ', 'inactivo '),
    (519, 519, '2000519', 'local', 'ACTIVO'),
    (520, 520, '+3990000520', 'Internacional', 'inactivo'),
    (521, 521, '2000521', 'Local', 'Activo'),
    (522, 522, '2000522', ' local ', 'inactivo '),
    (523, 523, '2000523', 'local', 'bloqueado '),
    (524, 524, '+3990000524', 'internacional ', 'inactivo'),
    (525, 525, '2000525', 'Local', 'ACTIVO'),
    (526, 526, '2000526', ' local ', 'inactivo '),
    (527, 527, '2000527', 'local', 'Activo'),
    (528, 528, '+3990000528', 'Internacional', 'inactivo'),
    (529, 529, '2000529', 'Local', 'activo'),
    (530, 530, '2000530', ' local ', 'inactivo '),
    (531, 531, '2000531', 'local', 'ACTIVO'),
    (532, 532, '+4890000532', 'internacional ', 'inactivo'),
    (533, 533, '2000533', 'Local', 'Activo'),
    (534, 534, '2000534', ' local ', 'inactivo '),
    (535, 535, '2000535', 'local', 'bloqueado '),
    (536, 536, '+4890000536', 'Internacional', 'inactivo'),
    (537, 537, '2000537', 'Local', 'ACTIVO'),
    (538, 538, '2000538', ' local ', 'activo'),
    (539, 539, '2000539', 'local', 'bloqueado '),
    (540, 540, '+4890000540', 'internacional ', 'inactivo'),
    (541, 541, '2000541', 'Local', 'activo'),
    (542, 542, '2000542', ' local ', 'Activo '),
    (543, 543, '2000543', 'local', 'ACTIVO'),
    (544, 544, '+35190000544', 'Internacional', 'activo'),
    (545, 545, '2000545', 'Local', 'Activo'),
    (546, 546, '2000546', ' local ', 'ACTIVO'),
    (547, 547, '2000547', 'local', 'activo'),
    (548, 548, '+35190000548', 'internacional ', 'Activo '),
    (549, 549, '2000549', 'Local', 'ACTIVO'),
    (550, 550, '2000550', ' local ', 'activo'),
    (551, 551, '2000551', 'local', 'Activo'),
    (552, 552, '+35190000552', 'Internacional', 'ACTIVO'),
    (553, 553, '2000553', 'Local', 'activo'),
    (554, 554, '2000554', ' local ', 'Activo '),
    (555, 555, '2000555', 'local', 'portado'),
    (556, 556, '+4390000556', 'internacional ', 'portado'),
    (557, 557, '2000557', 'Local', 'portado'),
    (558, 558, '2000558', ' local ', 'inactivo '),
    (559, 559, '2000559', 'local', 'bloqueado '),
    (560, 560, '+4390000560', 'Internacional', 'inactivo'),
    (561, 561, '2000561', 'Local', 'ACTIVO'),
    (562, 562, '2000562', ' local ', 'activo'),
    (563, 563, '2000563', 'local', 'Activo'),
    (564, 564, '+4390000564', 'internacional ', 'ACTIVO'),
    (565, 565, '2000565', 'Local', 'activo'),
    (566, 566, '2000566', ' local ', 'Activo '),
    (567, 567, '2000567', 'local', 'ACTIVO'),
    (568, 568, '+3290000568', 'Internacional', 'activo'),
    (569, 569, '2000569', 'Local', 'Activo'),
    (570, 570, '2000570', ' local ', 'ACTIVO'),
    (571, 571, '2000571', 'local', 'activo'),
    (572, 572, '+3290000572', 'internacional ', 'Activo '),
    (573, 573, '2000573', 'Local', 'ACTIVO'),
    (574, 574, '2000574', ' local ', 'activo'),
    (575, 575, '2000575', 'local', 'portado'),
    (576, 576, '+3290000576', 'Internacional', 'portado'),
    (577, 577, '2000577', 'Local', 'portado'),
    (578, 578, '2000578', ' local ', 'inactivo '),
    (579, 579, '2000579', 'local', 'bloqueado '),
    (580, 580, '+4190000580', 'internacional ', 'inactivo'),
    (581, 581, '2000581', 'Local', 'Activo'),
    (582, 582, '2000582', ' local ', 'ACTIVO'),
    (583, 583, '2000583', 'local', 'activo'),
    (584, 584, '+4190000584', 'Internacional', 'Activo '),
    (585, 585, '2000585', 'Local', 'ACTIVO'),
    (586, 586, '2000586', ' local ', 'activo'),
    (587, 587, '2000587', 'local', 'Activo'),
    (588, 588, '+4190000588', 'internacional ', 'ACTIVO'),
    (589, 589, '2000589', 'Local', 'activo'),
    (590, 590, '2000590', ' local ', 'Activo '),
    (591, 591, '2000591', 'local', 'ACTIVO'),
    (592, 592, '+4990000592', 'Internacional', 'activo'),
    (593, 593, '2000593', 'Local', 'Activo'),
    (594, 594, '2000594', ' local ', 'ACTIVO'),
    (595, 595, '2000595', 'local', 'portado'),
    (596, 596, '+4990000596', 'internacional ', 'portado'),
    (597, 597, '2000597', 'Local', 'portado'),
    (598, 598, '2000598', ' local ', 'inactivo '),
    (599, 599, '2000599', 'local', 'bloqueado '),
    (600, 600, '+4990000600', 'Internacional', 'inactivo');
