INSERT INTO Cliente_Integracion (ID_Cliente_Integracion, ID_Cliente, ID_Integracion, fecha_configuracion, referencia_externo, ultimo_sync_time, estado) VALUES
    (1, 1, 4, '2023-02-03 09:07:00', 'SL-CL01-1', '2023-02-05 11:11:00', 'activo'),
    (2, 1, 8, '2023-05-08 10:14:00', 'SAP-CL01-2', '2023-05-11 12:22:00', 'Activo '),
    (3, 1, 12, '2025-08-13 11:21:00', 'DY-CL01-3', '2025-08-17 13:33:00', 'pausado'),
    (4, 2, 7, '2023-03-05 12:28:00', 'ZD-CL02-1', '2023-03-08 14:44:00', 'inactivo'),
    (5, 2, 11, '2023-06-10 13:35:00', NULL, '2023-06-14 15:55:00', 'ACTIVO'),
    (6, 2, 3, '2025-09-15 14:42:00', 'MS-CL02-3', '2025-09-20 16:06:00', 'activo'),
    (7, 3, 10, '2023-04-07 15:49:00', 'FR-CL03-1', '2023-04-11 17:17:00', 'Activo '),
    (8, 3, 2, '2023-07-12 16:56:00', 'HUB-CL03-2', '2023-07-17 10:28:00', 'pausado'),
    (9, 3, 6, '2025-10-17 08:03:00', 'GO-CL03-3', '2025-10-23 11:39:00', 'inactivo'),
    (10, 4, 1, '2023-05-09 09:10:00', NULL, '2023-05-14 12:50:00', 'ACTIVO'),
    (11, 4, 5, '2023-08-14 10:17:00', 'ZM-CL04-2', '2023-08-20 13:01:00', 'activo'),
    (12, 4, 9, '2025-11-19 11:24:00', 'ATL-CL04-3', '2025-11-26 14:12:00', 'Activo '),
    (13, 5, 4, '2023-06-11 12:31:00', 'SL-CL05-1', '2023-06-17 15:23:00', 'pausado'),
    (14, 5, 8, '2023-09-16 13:38:00', 'SAP-CL05-2', '2023-09-23 16:34:00', 'inactivo'),
    (15, 5, 12, '2025-12-01 14:45:00', NULL, '2025-12-02 17:45:00', 'ACTIVO'),
    (16, 6, 7, '2023-07-13 15:52:00', 'ZD-CL06-1', '2023-07-20 10:56:00', 'activo'),
    (17, 6, 11, '2024-10-18 16:59:00', 'ZH-CL06-2', '2024-10-19 11:07:00', 'Activo '),
    (18, 6, 3, '2025-01-03 08:06:00', 'MS-CL06-3', '2025-01-05 12:18:00', 'pausado'),
    (19, 7, 10, '2023-08-15 09:13:00', 'FR-CL07-1', '2023-08-16 13:29:00', 'inactivo'),
    (20, 7, 2, '2024-11-20 10:20:00', NULL, '2024-11-22 14:40:00', 'ACTIVO'),
    (21, 7, 6, '2025-02-05 11:27:00', 'GO-CL07-3', '2025-02-08 15:51:00', 'activo'),
    (22, 8, 1, '2023-09-17 12:34:00', 'SF-CL08-1', '2023-09-19 16:02:00', 'Activo '),
    (23, 8, 5, '2024-12-02 13:41:00', 'ZM-CL08-2', '2024-12-05 17:13:00', 'pausado'),
    (24, 8, 9, '2025-03-07 14:48:00', 'ATL-CL08-3', '2025-03-11 10:24:00', 'inactivo'),
    (25, 9, 4, '2023-10-19 15:55:00', NULL, '2023-10-22 11:35:00', 'ACTIVO'),
    (26, 9, 8, '2024-01-04 16:02:00', 'SAP-CL09-2', '2024-01-08 12:46:00', 'activo'),
    (27, 9, 12, '2025-04-09 08:09:00', 'DY-CL09-3', '2025-04-14 13:57:00', 'Activo '),
    (28, 10, 7, '2023-11-01 09:16:00', 'ZD-CL10-1', '2023-11-05 14:08:00', 'pausado'),
    (29, 10, 11, '2024-02-06 10:23:00', 'ZH-CL10-2', '2024-02-11 15:19:00', 'inactivo'),
    (30, 10, 3, '2025-05-11 11:30:00', NULL, '2025-05-17 16:30:00', 'ACTIVO'),
    (31, 11, 10, '2023-12-03 12:37:00', 'FR-CL11-1', '2023-12-08 17:41:00', 'activo'),
    (32, 11, 2, '2024-03-08 13:44:00', 'HUB-CL11-2', '2024-03-14 10:52:00', 'Activo '),
    (33, 11, 6, '2025-06-13 14:51:00', 'GO-CL11-3', '2025-06-20 11:03:00', 'pausado'),
    (34, 12, 1, '2023-01-05 15:58:00', 'SF-CL12-1', '2023-01-11 12:14:00', 'inactivo'),
    (35, 12, 5, '2024-04-10 16:05:00', NULL, '2024-04-17 13:25:00', 'ACTIVO'),
    (36, 12, 9, '2025-07-15 08:12:00', 'ATL-CL12-3', '2025-07-16 14:36:00', 'activo'),
    (37, 13, 4, '2023-02-07 09:19:00', 'SL-CL13-1', '2023-02-14 15:47:00', 'Activo '),
    (38, 13, 8, '2024-05-12 10:26:00', 'SAP-CL13-2', '2024-05-13 16:58:00', 'pausado'),
    (39, 13, 12, '2025-08-17 11:33:00', 'DY-CL13-3', '2025-08-19 17:09:00', 'inactivo'),
    (40, 14, 7, '2023-03-09 12:40:00', NULL, '2023-03-10 10:20:00', 'ACTIVO'),
    (41, 14, 11, '2024-06-14 13:47:00', 'ZH-CL14-2', '2024-06-16 11:31:00', 'activo'),
    (42, 14, 3, '2025-09-19 14:54:00', 'MS-CL14-3', '2025-09-22 12:42:00', 'Activo '),
    (43, 15, 10, '2023-04-11 15:01:00', 'FR-CL15-1', '2023-04-13 13:53:00', 'pausado'),
    (44, 15, 2, '2024-07-16 16:08:00', 'HUB-CL15-2', '2024-07-19 14:04:00', 'inactivo'),
    (45, 15, 6, '2025-10-01 08:15:00', NULL, '2025-10-05 15:15:00', 'ACTIVO'),
    (46, 16, 1, '2023-05-13 09:22:00', 'SF-CL16-1', '2023-05-16 16:26:00', 'activo'),
    (47, 16, 5, '2024-08-18 10:29:00', 'ZM-CL16-2', '2024-08-22 17:37:00', 'Activo '),
    (48, 17, 4, '2023-06-15 11:36:00', 'SL-CL17-1', '2023-06-19 10:48:00', 'pausado'),
    (49, 17, 8, '2024-09-20 12:43:00', 'SAP-CL17-2', '2024-09-25 11:59:00', 'inactivo'),
    (50, 18, 7, '2023-07-17 13:50:00', NULL, '2023-07-22 12:10:00', 'ACTIVO'),
    (51, 18, 11, '2024-10-02 14:57:00', 'ZH-CL18-2', '2024-10-08 13:21:00', 'activo'),
    (52, 19, 10, '2023-08-19 15:04:00', 'FR-CL19-1', '2023-08-25 14:32:00', 'Activo '),
    (53, 19, 2, '2024-11-04 16:11:00', 'HUB-CL19-2', '2024-11-11 15:43:00', 'pausado'),
    (54, 20, 1, '2023-09-01 08:18:00', 'SF-CL20-1', '2023-09-08 16:54:00', 'inactivo'),
    (55, 20, 5, '2024-12-06 09:25:00', NULL, '2024-12-07 17:05:00', 'ACTIVO'),
    (56, 21, 4, '2024-10-03 10:32:00', 'SL-CL21-1', '2024-10-04 10:16:00', 'activo'),
    (57, 21, 8, '2025-01-08 11:39:00', 'SAP-CL21-2', '2025-01-10 11:27:00', 'Activo '),
    (58, 22, 7, '2024-11-05 12:46:00', 'ZD-CL22-1', '2024-11-07 12:38:00', 'pausado'),
    (59, 22, 11, '2025-02-10 13:53:00', 'ZH-CL22-2', '2025-02-13 13:49:00', 'inactivo'),
    (60, 23, 10, '2024-12-07 14:00:00', NULL, '2024-12-10 14:00:00', 'ACTIVO'),
    (61, 23, 2, '2025-03-12 15:07:00', 'HUB-CL23-2', '2025-03-16 15:11:00', 'activo'),
    (62, 24, 1, '2024-01-09 16:14:00', 'SF-CL24-1', '2024-01-13 16:22:00', 'Activo '),
    (63, 24, 5, '2025-04-14 08:21:00', 'ZM-CL24-2', '2025-04-19 17:33:00', 'pausado'),
    (64, 25, 4, '2024-02-11 09:28:00', 'SL-CL25-1', '2024-02-16 10:44:00', 'inactivo'),
    (65, 25, 8, '2025-05-16 10:35:00', NULL, '2025-05-22 11:55:00', 'ACTIVO'),
    (66, 26, 7, '2024-03-13 11:42:00', 'ZD-CL26-1', '2024-03-19 12:06:00', 'activo'),
    (67, 26, 11, '2025-06-18 12:49:00', 'ZH-CL26-2', '2025-06-25 13:17:00', 'Activo '),
    (68, 27, 10, '2024-04-15 13:56:00', 'FR-CL27-1', '2024-04-22 14:28:00', 'pausado'),
    (69, 27, 2, '2025-07-20 14:03:00', 'HUB-CL27-2', '2025-07-21 15:39:00', 'inactivo'),
    (70, 28, 1, '2024-05-17 15:10:00', NULL, '2024-05-18 16:50:00', 'ACTIVO'),
    (71, 28, 5, '2025-08-02 16:17:00', 'ZM-CL28-2', '2025-08-04 17:01:00', 'activo'),
    (72, 29, 4, '2024-06-19 08:24:00', 'SL-CL29-1', '2024-06-21 10:12:00', 'Activo '),
    (73, 29, 8, '2025-09-04 09:31:00', 'SAP-CL29-2', '2025-09-07 11:23:00', 'pausado'),
    (74, 30, 7, '2024-07-01 10:38:00', 'ZD-CL30-1', '2024-07-04 12:34:00', 'inactivo'),
    (75, 30, 11, '2025-10-06 11:45:00', NULL, '2025-10-10 13:45:00', 'ACTIVO');



INSERT INTO Acuerdo_Plataforma (ID_Acuerdo, ID_Partner, nivel_acuerdo, precio_mensual, fecha_inicio, fecha_fin, duracion_meses, estado) VALUES
    (1, 1, 1, 20000.00, '2023-01-01', '2023-12-31', 12, 'vencido'),
    (2, 1, 1, 20000.00, '2024-01-01', '2024-12-31', 12, 'VENCIDO'),
    (3, 1, 1, 20000.00, '2025-01-01', '2025-12-31', 12, 'Vencido'),
    (4, 2, 2, 25000.00, '2023-01-01', '2023-12-31', 12, 'expirado'),
    (5, 2, 2, 25000.00, '2024-01-01', '2024-12-31', 12, 'finalizado'),
    (6, 2, 2, 25000.00, '2025-01-01', '2025-12-31', 12, 'vencido'),
    (7, 3, 3, 30000.00, '2023-01-01', '2023-12-31', 12, 'VENCIDO'),
    (8, 3, 3, 30000.00, '2024-01-01', '2024-12-31', 12, 'Vencido'),
    (9, 3, 3, 30000.00, '2025-01-01', '2025-12-31', 12, 'expirado'),
    (10, 4, 4, 35000.00, '2023-01-01', '2023-12-31', 12, 'finalizado'),
    (11, 4, 4, 35000.00, '2024-01-01', '2024-12-31', 12, 'vencido'),
    (12, 4, 4, 35000.00, '2025-01-01', '2025-12-31', 12, 'VENCIDO'),
    (13, 5, 5, 40000.00, '2023-01-01', '2023-12-31', 12, 'Vencido'),
    (14, 5, 5, 40000.00, '2024-01-01', '2024-12-31', 12, 'expirado'),
    (15, 5, 5, 40000.00, '2025-01-01', '2025-12-31', 12, 'finalizado'),
    (16, 6, 2, 25000.00, '2023-01-01', '2023-12-31', 12, 'vencido'),
    (17, 6, 2, 25000.00, '2024-01-01', '2024-12-31', 12, 'VENCIDO'),
    (18, 6, 2, 25000.00, '2025-01-01', '2025-12-31', 12, 'Vencido'),
    (19, 7, 3, 30000.00, '2023-01-01', '2023-12-31', 12, 'expirado'),
    (20, 7, 3, 30000.00, '2024-01-01', '2024-12-31', 12, 'finalizado'),
    (21, 7, 3, 30000.00, '2025-01-01', '2025-12-31', 12, 'vencido'),
    (22, 8, 4, 35000.00, '2023-01-01', '2023-12-31', 12, 'VENCIDO'),
    (23, 8, 4, 35000.00, '2024-01-01', '2024-12-31', 12, 'Vencido'),
    (24, 8, 4, 35000.00, '2025-01-01', '2025-12-31', 12, 'expirado');

INSERT INTO Filial (ID_Filial, ID_Cliente, nombre, pais, ciudad, direccion, estado) VALUES
    (1, 1, 'MATRIZ 01', 'España', 'Madrid', 'Calle Gran Vía 101, Madrid', 'activo'),
    (2, 1, 'Sucursal Norte 01', 'España', 'Zaragoza', 'Avenida Diagonal 102, Zaragoza', 'ACTIVO'),
    (3, 1, 'Backoffice 01', 'España', 'Málaga', 'Paseo de la Castellana 103, Málaga', 'Activo '),
    (4, 2, 'Matriz 02', 'Francia', 'París', 'Rue de Rivoli 104, París', 'activo '),
    (5, 2, 'Sucursal Norte 02', 'Francia', 'Burdeos', 'Boulevard Haussmann 105, Burdeos', 'activO'),
    (6, 2, 'Backoffice 02', 'Francia', 'Nantes', 'Rue Victor Hugo 106, Nantes', 'activo'),
    (7, 3, 'Matriz 03', 'Alemania', 'Berlín', 'Unter den Linden 107, Berlín', 'ACTIVO'),
    (8, 3, 'Sucursal Norte 03', 'Alemania', 'Frankfurt', 'Leopoldstraße 108, Frankfurt', 'Activo '),
    (9, 3, 'Backoffice 03', 'Alemania', 'Stuttgart', 'Königsallee 109, Stuttgart', 'activo '),
    (10, 4, 'Matriz  04', 'Países Bajos', 'Ámsterdam', 'Damrak 110, Ámsterdam', 'activO'),
    (11, 4, 'Sucursal Norte 04', 'Países Bajos', 'Eindhoven', 'Lijnbaan 111, Eindhoven', 'activo'),
    (12, 4, 'Backoffice 04', 'Países Bajos', 'Tilburg', 'Coolsingel 112, Tilburg', 'ACTIVO'),
    (13, 5, 'Matriz 05', 'Reino Unido', 'Londres', 'Oxford Street 113, Londres', 'Activo '),
    (14, 5, 'Sucursal Norte 05', 'Reino Unido', 'Glasgow', 'Deansgate 114, Glasgow', 'activo '),
    (15, 5, 'Backoffice 05', 'Reino Unido', 'Bristol', 'Broad Street 115, Bristol', 'activO'),
    (16, 6, 'MATRIZ 06', 'Italia', 'Roma', 'Via del Corso 116, Roma', 'activo'),
    (17, 6, 'Sucursal Norte 06', 'Italia', 'Bolonia', 'Via Roma 117, Bolonia', 'ACTIVO'),
    (18, 6, 'Backoffice 06', 'Italia', 'Florencia', 'Via Dante 118, Florencia', 'Activo '),
    (19, 7, 'Matriz 07', 'Suecia', 'Estocolmo', 'Drottninggatan 119, Estocolmo', 'activo '),
    (20, 7, 'Sucursal Norte 07', 'Suecia', 'Linköping', 'Avenyn 120, Linköping', 'activO'),
    (21, 7, 'Backoffice 07', 'Suecia', 'Örebro', 'Kungsgatan 121, Örebro', 'activo'),
    (22, 8, 'Matriz 08', 'España', 'Barcelona', 'Calle Gran Vía 122, Barcelona', 'ACTIVO'),
    (23, 8, 'Sucursal Norte 08', 'España', 'Zaragoza', 'Avenida Diagonal 123, Zaragoza', 'Activo '),
    (24, 8, 'Backoffice 08', 'España', 'Málaga', 'Paseo de la Castellana 124, Málaga', 'activo '),
    (25, 9, 'Matriz  09', 'Polonia', 'Varsovia', 'Nowy Świat 125, Varsovia', 'activO'),
    (26, 9, 'Sucursal Norte 09', 'Polonia', 'Łódź', 'Floriańska 126, Łódź', 'activo'),
    (27, 9, 'Backoffice 09', 'Polonia', 'Poznań', 'Świdnicka 127, Poznań', 'ACTIVO'),
    (28, 10, 'Matriz 10', 'Portugal', 'Lisboa', 'Avenida da Liberdade 128, Lisboa', 'Activo '),
    (29, 10, 'Sucursal Norte 10', 'Portugal', 'Faro', 'Rua de Santa Catarina 129, Faro', 'activo '),
    (30, 10, 'Backoffice 10', 'Portugal', 'Setúbal', 'Avenida Central 130, Setúbal', 'activO'),
    (31, 11, 'MATRIZ 11', 'Austria', 'Viena', 'Kärntner Straße 131, Viena', 'activo'),
    (32, 11, 'Sucursal Norte 11', 'Austria', 'Innsbruck', 'Herrengasse 132, Innsbruck', 'ACTIVO'),
    (33, 11, 'Backoffice 11', 'Austria', 'Klagenfurt', 'Getreidegasse 133, Klagenfurt', 'Activo '),
    (34, 12, 'Matriz 12', 'Bélgica', 'Bruselas', 'Rue Neuve 134, Bruselas', 'activo '),
    (35, 12, 'Sucursal Norte 12', 'Bélgica', 'Brujas', 'Meir 135, Brujas', 'activO'),
    (36, 12, 'Backoffice 12', 'Bélgica', 'Namur', 'Rue de la Régence 136, Namur', 'activo'),
    (37, 13, 'Matriz 13', 'Suiza', 'Zúrich', 'Bahnhofstrasse 137, Zúrich', 'ACTIVO'),
    (38, 13, 'Sucursal Norte 13', 'Suiza', 'Berna', 'Rue de Rive 138, Berna', 'Activo '),
    (39, 13, 'Backoffice 13', 'Suiza', 'Lugano', 'Freie Strasse 139, Lugano', 'activo '),
    (40, 14, 'Matriz  14', 'Alemania', 'Múnich', 'Unter den Linden 140, Múnich', 'activO'),
    (41, 14, 'Sucursal Norte 14', 'Alemania', 'Frankfurt', 'Leopoldstraße 141, Frankfurt', 'activo'),
    (42, 14, 'Backoffice 14', 'Alemania', 'Stuttgart', 'Königsallee 142, Stuttgart', 'ACTIVO'),
    (43, 15, 'Matriz 15', 'Francia', 'Lyon', 'Rue de Rivoli 143, Lyon', 'Activo '),
    (44, 15, 'Sucursal Norte 15', 'Francia', 'Burdeos', 'Boulevard Haussmann 144, Burdeos', 'activo '),
    (45, 15, 'Backoffice 15', 'Francia', 'Nantes', 'Rue Victor Hugo 145, Nantes', 'activO'),
    (46, 16, 'MATRIZ 16', 'Países Bajos', 'Rotterdam', 'Damrak 146, Rotterdam', 'activo'),
    (47, 16, 'Sucursal Norte 16', 'Países Bajos', 'Eindhoven', 'Lijnbaan 147, Eindhoven', 'ACTIVO'),
    (48, 16, 'Backoffice 16', 'Países Bajos', 'Tilburg', 'Coolsingel 148, Tilburg', 'Activo '),
    (49, 17, 'Matriz 17', 'Suecia', 'Gotemburgo', 'Drottninggatan 149, Gotemburgo', 'activo '),
    (50, 17, 'Sucursal Norte 17', 'Suecia', 'Linköping', 'Avenyn 150, Linköping', 'activO'),
    (51, 17, 'Backoffice 17', 'Suecia', 'Örebro', 'Kungsgatan 151, Örebro', 'activo'),
    (52, 18, 'Matriz 18', 'Reino Unido', 'Mánchester', 'Oxford Street 152, Mánchester', 'ACTIVO'),
    (53, 18, 'Sucursal Norte 18', 'Reino Unido', 'Glasgow', 'Deansgate 153, Glasgow', 'Activo '),
    (54, 18, 'Backoffice 18', 'Reino Unido', 'Bristol', 'Broad Street 154, Bristol', 'activo '),
    (55, 19, 'Matriz  19', 'España', 'Sevilla', 'Calle Gran Vía 155, Sevilla', 'activO'),
    (56, 19, 'Sucursal Norte 19', 'España', 'Zaragoza', 'Avenida Diagonal 156, Zaragoza', 'activo'),
    (57, 19, 'Backoffice 19', 'España', 'Málaga', 'Paseo de la Castellana 157, Málaga', 'ACTIVO'),
    (58, 20, 'Matriz 20', 'Italia', 'Milán', 'Via del Corso 158, Milán', 'Activo '),
    (59, 20, 'Sucursal Norte 20', 'Italia', 'Bolonia', 'Via Roma 159, Bolonia', 'activo '),
    (60, 20, 'Backoffice 20', 'Italia', 'Florencia', 'Via Dante 160, Florencia', 'activO'),
    (61, 21, 'MATRIZ 21', 'Polonia', 'Cracovia', 'Nowy Świat 161, Cracovia', 'activo'),
    (62, 21, 'Sucursal Norte 21', 'Polonia', 'Łódź', 'Floriańska 162, Łódź', 'ACTIVO'),
    (63, 21, 'Backoffice 21', 'Polonia', 'Poznań', 'Świdnicka 163, Poznań', 'Activo '),
    (64, 22, 'Matriz 22', 'Portugal', 'Oporto', 'Avenida da Liberdade 164, Oporto', 'activo '),
    (65, 22, 'Sucursal Norte 22', 'Portugal', 'Faro', 'Rua de Santa Catarina 165, Faro', 'activO'),
    (66, 22, 'Backoffice 22', 'Portugal', 'Setúbal', 'Avenida Central 166, Setúbal', 'activo'),
    (67, 23, 'Matriz 23', 'Austria', 'Graz', 'Kärntner Straße 167, Graz', 'ACTIVO'),
    (68, 23, 'Sucursal Norte 23', 'Austria', 'Innsbruck', 'Herrengasse 168, Innsbruck', 'Activo '),
    (69, 23, 'Backoffice 23', 'Austria', 'Klagenfurt', 'Getreidegasse 169, Klagenfurt', 'activo '),
    (70, 24, 'Matriz  24', 'Bélgica', 'Amberes', 'Rue Neuve 170, Amberes', 'activO'),
    (71, 24, 'Sucursal Norte 24', 'Bélgica', 'Brujas', 'Meir 171, Brujas', 'activo'),
    (72, 24, 'Backoffice 24', 'Bélgica', 'Namur', 'Rue de la Régence 172, Namur', 'ACTIVO'),
    (73, 25, 'Matriz 25', 'Suiza', 'Ginebra', 'Bahnhofstrasse 173, Ginebra', 'Activo '),
    (74, 25, 'Sucursal Norte 25', 'Suiza', 'Berna', 'Rue de Rive 174, Berna', 'activo '),
    (75, 25, 'Backoffice 25', 'Suiza', 'Lugano', 'Freie Strasse 175, Lugano', 'activO'),
    (76, 26, 'MATRIZ 26', 'Alemania', 'Hamburgo', 'Unter den Linden 176, Hamburgo', 'activo'),
    (77, 26, 'Sucursal Norte 26', 'Alemania', 'Frankfurt', 'Leopoldstraße 177, Frankfurt', 'ACTIVO'),
    (78, 26, 'Backoffice 26', 'Alemania', 'Stuttgart', 'Königsallee 178, Stuttgart', 'Activo '),
    (79, 27, 'Matriz 27', 'Francia', 'Marsella', 'Rue de Rivoli 179, Marsella', 'activo '),
    (80, 27, 'Sucursal Norte 27', 'Francia', 'Burdeos', 'Boulevard Haussmann 180, Burdeos', 'activO'),
    (81, 27, 'Backoffice 27', 'Francia', 'Nantes', 'Rue Victor Hugo 181, Nantes', 'activo'),
    (82, 28, 'Matriz 28', 'Países Bajos', 'La Haya', 'Damrak 182, La Haya', 'ACTIVO'),
    (83, 28, 'Sucursal Norte 28', 'Países Bajos', 'Eindhoven', 'Lijnbaan 183, Eindhoven', 'Activo '),
    (84, 28, 'Backoffice 28', 'Países Bajos', 'Tilburg', 'Coolsingel 184, Tilburg', 'activo '),
    (85, 29, 'Matriz  29', 'Suecia', 'Malmö', 'Drottninggatan 185, Malmö', 'activO'),
    (86, 29, 'Sucursal Norte 29', 'Suecia', 'Linköping', 'Avenyn 186, Linköping', 'activo'),
    (87, 29, 'Backoffice 29', 'Suecia', 'Örebro', 'Kungsgatan 187, Örebro', 'ACTIVO'),
    (88, 30, 'Matriz 30', 'Reino Unido', 'Birmingham', 'Oxford Street 188, Birmingham', 'Activo '),
    (89, 30, 'Sucursal Norte 30', 'Reino Unido', 'Glasgow', 'Deansgate 189, Glasgow', 'activo '),
    (90, 30, 'Backoffice 30', 'Reino Unido', 'Bristol', 'Broad Street 190, Bristol', 'activO'),
    (91, 31, 'MATRIZ 31', 'España', 'Valencia', 'Calle Gran Vía 191, Valencia', 'activo'),
    (92, 31, 'Sucursal Norte 31', 'España', 'Zaragoza', 'Avenida Diagonal 192, Zaragoza', 'ACTIVO'),
    (93, 31, 'Backoffice 31', 'España', 'Málaga', 'Paseo de la Castellana 193, Málaga', 'Activo '),
    (94, 32, 'Matriz 32', 'Italia', 'Turín', 'Via del Corso 194, Turín', 'activo '),
    (95, 32, 'Sucursal Norte 32', 'Italia', 'Bolonia', 'Via Roma 195, Bolonia', 'activO'),
    (96, 32, 'Backoffice 32', 'Italia', 'Florencia', 'Via Dante 196, Florencia', 'activo'),
    (97, 33, 'Matriz 33', 'Polonia', 'Wrocław', 'Nowy Świat 197, Wrocław', 'ACTIVO'),
    (98, 33, 'Sucursal Norte 33', 'Polonia', 'Łódź', 'Floriańska 198, Łódź', 'Activo '),
    (99, 33, 'Backoffice 33', 'Polonia', 'Poznań', 'Świdnicka 199, Poznań', 'activo '),
    (100, 34, 'Matriz  34', 'Portugal', 'Braga', 'Avenida da Liberdade 200, Braga', 'activO'),
    (101, 34, 'Sucursal Norte 34', 'Portugal', 'Faro', 'Rua de Santa Catarina 201, Faro', 'activo'),
    (102, 34, 'Backoffice 34', 'Portugal', 'Setúbal', 'Avenida Central 202, Setúbal', 'ACTIVO'),
    (103, 35, 'Matriz 35', 'Austria', 'Salzburgo', 'Kärntner Straße 203, Salzburgo', 'Activo '),
    (104, 35, 'Sucursal Norte 35', 'Austria', 'Innsbruck', 'Herrengasse 204, Innsbruck', 'activo '),
    (105, 35, 'Backoffice 35', 'Austria', 'Klagenfurt', 'Getreidegasse 205, Klagenfurt', 'activO'),
    (106, 36, 'MATRIZ 36', 'Bélgica', 'Gante', 'Rue Neuve 206, Gante', 'activo'),
    (107, 36, 'Sucursal Norte 36', 'Bélgica', 'Brujas', 'Meir 207, Brujas', 'ACTIVO'),
    (108, 36, 'Backoffice 36', 'Bélgica', 'Namur', 'Rue de la Régence 208, Namur', 'Activo '),
    (109, 37, 'Matriz 37', 'Suiza', 'Basilea', 'Bahnhofstrasse 209, Basilea', 'activo '),
    (110, 37, 'Sucursal Norte 37', 'Suiza', 'Berna', 'Rue de Rive 210, Berna', 'activO'),
    (111, 37, 'Backoffice 37', 'Suiza', 'Lugano', 'Freie Strasse 211, Lugano', 'activo'),
    (112, 38, 'Matriz 38', 'Alemania', 'Colonia', 'Unter den Linden 212, Colonia', 'ACTIVO'),
    (113, 38, 'Sucursal Norte 38', 'Alemania', 'Frankfurt', 'Leopoldstraße 213, Frankfurt', 'Activo '),
    (114, 38, 'Backoffice 38', 'Alemania', 'Stuttgart', 'Königsallee 214, Stuttgart', 'activo '),
    (115, 39, 'Matriz  39', 'Francia', 'Toulouse', 'Rue de Rivoli 215, Toulouse', 'activO'),
    (116, 39, 'Sucursal Norte 39', 'Francia', 'Burdeos', 'Boulevard Haussmann 216, Burdeos', 'activo'),
    (117, 39, 'Backoffice 39', 'Francia', 'Nantes', 'Rue Victor Hugo 217, Nantes', 'ACTIVO'),
    (118, 40, 'Matriz 40', 'Países Bajos', 'Utrecht', 'Damrak 218, Utrecht', 'Activo '),
    (119, 40, 'Sucursal Norte 40', 'Países Bajos', 'Eindhoven', 'Lijnbaan 219, Eindhoven', 'activo '),
    (120, 40, 'Backoffice 40', 'Países Bajos', 'Tilburg', 'Coolsingel 220, Tilburg', 'activO'),
    (121, 41, 'MATRIZ 41', 'Suecia', 'Uppsala', 'Drottninggatan 221, Uppsala', 'activo'),
    (122, 41, 'Sucursal Norte 41', 'Suecia', 'Linköping', 'Avenyn 222, Linköping', 'ACTIVO'),
    (123, 41, 'Backoffice 41', 'Suecia', 'Örebro', 'Kungsgatan 223, Örebro', 'Activo '),
    (124, 42, 'Matriz 42', 'Reino Unido', 'Leeds', 'Oxford Street 224, Leeds', 'activo '),
    (125, 42, 'Sucursal Norte 42', 'Reino Unido', 'Glasgow', 'Deansgate 225, Glasgow', 'activO'),
    (126, 42, 'Backoffice 42', 'Reino Unido', 'Bristol', 'Broad Street 226, Bristol', 'activo'),
    (127, 43, 'Matriz 43', 'España', 'Bilbao', 'Calle Gran Vía 227, Bilbao', 'ACTIVO'),
    (128, 43, 'Sucursal Norte 43', 'España', 'Zaragoza', 'Avenida Diagonal 228, Zaragoza', 'Activo '),
    (129, 43, 'Backoffice 43', 'España', 'Málaga', 'Paseo de la Castellana 229, Málaga', 'activo '),
    (130, 44, 'Matriz  44', 'Italia', 'Nápoles', 'Via del Corso 230, Nápoles', 'activO'),
    (131, 44, 'Sucursal Norte 44', 'Italia', 'Bolonia', 'Via Roma 231, Bolonia', 'activo'),
    (132, 44, 'Backoffice 44', 'Italia', 'Florencia', 'Via Dante 232, Florencia', 'ACTIVO'),
    (133, 45, 'Matriz 45', 'Polonia', 'Gdańsk', 'Nowy Świat 233, Gdańsk', 'Activo '),
    (134, 45, 'Sucursal Norte 45', 'Polonia', 'Łódź', 'Floriańska 234, Łódź', 'activo '),
    (135, 45, 'Backoffice 45', 'Polonia', 'Poznań', 'Świdnicka 235, Poznań', 'activO'),
    (136, 46, 'MATRIZ 46', 'Portugal', 'Coímbra', 'Avenida da Liberdade 236, Coímbra', 'activo'),
    (137, 46, 'Sucursal Norte 46', 'Portugal', 'Faro', 'Rua de Santa Catarina 237, Faro', 'ACTIVO'),
    (138, 46, 'Backoffice 46', 'Portugal', 'Setúbal', 'Avenida Central 238, Setúbal', 'Activo '),
    (139, 47, 'Matriz 47', 'Austria', 'Linz', 'Kärntner Straße 239, Linz', 'activo '),
    (140, 47, 'Sucursal Norte 47', 'Austria', 'Innsbruck', 'Herrengasse 240, Innsbruck', 'activO'),
    (141, 47, 'Backoffice 47', 'Austria', 'Klagenfurt', 'Getreidegasse 241, Klagenfurt', 'activo'),
    (142, 48, 'Matriz 48', 'Bélgica', 'Lieja', 'Rue Neuve 242, Lieja', 'ACTIVO'),
    (143, 48, 'Sucursal Norte 48', 'Bélgica', 'Brujas', 'Meir 243, Brujas', 'Activo '),
    (144, 48, 'Backoffice 48', 'Bélgica', 'Namur', 'Rue de la Régence 244, Namur', 'activo '),
    (145, 49, 'Matriz  49', 'Suiza', 'Lausana', 'Bahnhofstrasse 245, Lausana', 'activO'),
    (146, 49, 'Sucursal Norte 49', 'Suiza', 'Berna', 'Rue de Rive 246, Berna', 'activo'),
    (147, 49, 'Backoffice 49', 'Suiza', 'Lugano', 'Freie Strasse 247, Lugano', 'ACTIVO'),
    (148, 50, 'Matriz 50', 'Alemania', 'Düsseldorf', 'Unter den Linden 248, Düsseldorf', 'Activo '),
    (149, 50, 'Sucursal Norte 50', 'Alemania', 'Frankfurt', 'Leopoldstraße 249, Frankfurt', 'activo '),
    (150, 50, 'Backoffice 50', 'Alemania', 'Stuttgart', 'Königsallee 250, Stuttgart', 'activO');

INSERT INTO Extension (ID_Extension, ID_Cliente, numero_extension, tipo, estado) VALUES
    (1, 1, '3037', 'SOFTPHONE', 'activo'),
    (2, 2, '3074', ' WEBRTC', 'ACTIVO'),
    (3, 3, '3111', 'SIP ', 'Activo '),
    (4, 4, '3148', 'PBX', 'configurado'),
    (5, 5, '3185', 'softphone', 'portado'),
    (6, 6, '3222', 'webrtc ', 'activo '),
    (7, 7, '3259', 'sip', 'activo'),
    (8, 8, '3296', 'PBX ', 'ACTIVO'),
    (9, 9, '3333', 'SOFTPHONE', 'Activo '),
    (10, 10, '3370', ' WEBRTC', 'configurado'),
    (11, 11, '3407', 'SIP ', 'portado'),
    (12, 12, '3444', 'PBX', 'activo '),
    (13, 13, '3481', 'softphone', 'activo'),
    (14, 14, '3518', 'webrtc ', 'ACTIVO'),
    (15, 15, '3555', 'sip', 'Activo '),
    (16, 16, '3592', 'PBX ', 'configurado'),
    (17, 17, '3629', 'SOFTPHONE', 'portado'),
    (18, 18, '3666', ' WEBRTC', 'activo '),
    (19, 19, '3703', 'SIP ', 'activo'),
    (20, 20, '3740', 'PBX', 'ACTIVO'),
    (21, 21, '3777', 'softphone', 'Activo '),
    (22, 22, '3814', 'webrtc ', 'configurado'),
    (23, 23, '3851', 'sip', 'portado'),
    (24, 24, '3888', 'PBX ', 'activo '),
    (25, 25, '3925', 'SOFTPHONE', 'activo'),
    (26, 26, '3962', ' WEBRTC', 'ACTIVO'),
    (27, 27, '3999', 'SIP ', 'Activo '),
    (28, 28, '4036', 'PBX', 'configurado'),
    (29, 29, '4073', 'softphone', 'portado'),
    (30, 30, '4110', 'webrtc ', 'activo '),
    (31, 31, '4147', 'sip', 'activo'),
    (32, 32, '4184', 'PBX ', 'ACTIVO'),
    (33, 33, '4221', 'SOFTPHONE', 'Activo '),
    (34, 34, '4258', ' WEBRTC', 'configurado'),
    (35, 35, '4295', 'SIP ', 'portado'),
    (36, 36, '4332', 'PBX', 'activo '),
    (37, 37, '4369', 'softphone', 'activo'),
    (38, 38, '4406', 'webrtc ', 'ACTIVO'),
    (39, 39, '4443', 'sip', 'Activo '),
    (40, 40, '4480', 'PBX ', 'configurado'),
    (41, 41, '4517', 'SOFTPHONE', 'portado'),
    (42, 42, '4554', ' WEBRTC', 'activo '),
    (43, 43, '4591', 'SIP ', 'activo'),
    (44, 44, '4628', 'PBX', 'ACTIVO'),
    (45, 45, '4665', 'softphone', 'Activo '),
    (46, 46, '4702', 'webrtc ', 'configurado'),
    (47, 47, '4739', 'sip', 'portado'),
    (48, 48, '4776', 'PBX ', 'activo '),
    (49, 49, '4813', 'SOFTPHONE', 'activo'),
    (50, 50, '4850', ' WEBRTC', 'ACTIVO');

INSERT INTO Usuario (ID_Usuario, ID_Filial, nombre, apellido, email, password_hash, estado) VALUES
    (1, 1, 'Sofia', 'Navarro', 'sofia.navarro1@grupoalimentarandino01.enreach.io', '$2b$12$d30e3009e46e4b69ef016f3525a23794c749f3ae9482238a81fa3', 'configurado'),
    (2, 1, 'Paula', 'Ruiz', 'paula.ruiz2@grupoalimentarandino01.enreach.io', '$2b$12$72c3e42c9069aa9ec1932f4281efa5f028ad3f73f9df8c6597e10', 'Activo '),
    (3, 1, 'Elena', 'Ibarra', 'elena.ibarra3@grupoalimentarandino01.enreach.io', '$2b$12$e0e3bf2f43bc2979c6d8b448db195a36c5cceffa3eb01a683d695', 'activ'),
    (4, 1, 'Marta', 'Silva', 'marta.silva4@grupoalimentarandino01.enreach.io', '$2b$12$cdb28e89e8d732268c3bc86b1afad3b2bcddfce74142bf9c3d7a3', 'activo'),
    (5, 2, 'Marta', 'Cruz', 'marta.cruz5@grupoalimentarandino01.enreach.io', '$2b$12$c73b425211e93036344778c33bba302ec5cacefed743689566829', 'ACTIVO'),
    (6, 2, 'Ana', 'Morales', 'ana.morales6@grupoalimentarandino01.enreach.io', '$2b$12$deda05092e04cf0a9db75be4160b84ad99f15e1d16610825be660', 'Activo'),
    (7, 2, 'Sofia', 'Salazar', 'sofia.salazar7@grupoalimentarandino01.enreach.io', '$2b$12$ee21264f4e6ddc2891984c4d4225eab8aa9cf2cc2a88759a8e081', 'configurado'),
    (8, 2, 'Paula', 'Vera', 'paula.vera8@grupoalimentarandino01.enreach.io', '$2b$12$e4e31d2fa36d49d32eaee3abf6056bf958fb8863cc05279d27e20', 'activo'),
    (9, 3, 'Paula', 'Flores', 'paula.flores9@grupoalimentarandino01.enreach.io', '$2b$12$b5572d83a297b837367f4dc2910d5c9bba271fb1396c9d1bd5d1f', 'activo'),
    (10, 3, 'Elena', 'Paredes', 'elena.paredes10@grupoalimentarandino01.enreach.io', '$2b$12$65699f4809e87c9605e2eb792a41bb2ee0aa5a093740dbaa845c1', 'ACTIVO'),
    (11, 3, 'Marta', 'Garcia', 'marta.garcia11@grupoalimentarandino01.enreach.io', '$2b$12$9e7f6111b3bf59512e4b3d7b658e2085554eb0f2f6af06e981175', 'Activo '),
    (12, 3, 'Ana', 'Navarro', 'ana.navarro12@grupoalimentarandino01.enreach.io', '$2b$12$df3165ff3e3e24fe058694241ec8ebba297fe447345b4fd3c772e', 'activ'),
    (13, 4, 'Luis', 'Lopez', 'luis.lopez13@saludintegralpacific02.enreach.io', '$2b$12$87a113d708d34b722d76bc47028ecb39592ffa84f7ee8ab0c9e3d', 'configurado'),
    (14, 4, 'Diego', 'Cabrera', 'diego.cabrera14@saludintegralpacific02.enreach.io', '$2b$12$c9368c7a45efa003e6bdd1b1233407062d0750ea92159b7b5901d', 'ACTIVO'),
    (15, 4, 'Andres', 'Torres', 'andres.torres15@saludintegralpacific02.enreach.io', '$2b$12$3fdafe9c35b195b78c7ecba1f7f56bb43229f501337090ca2a248', 'Activo'),
    (16, 4, 'Pedro', 'Cruz', 'pedro.cruz16@saludintegralpacific02.enreach.io', '$2b$12$528d09e918200b7a24b38643d62882ef58a8fe489e089de8a348d', 'activ '),
    (17, 5, 'Pedro', 'Castro', 'pedro.castro17@saludintegralpacific02.enreach.io', '$2b$12$d4d84730bc94916a6cb4d1a788af3efd5da61f8b90d3f86670f6d', 'activo'),
    (18, 5, 'Julian', 'Herrera', 'julian.herrera18@saludintegralpacific02.enreach.io', '$2b$12$28f8d94fca680c3502f51c55149275dd618d5711da8f710fa7c08', 'activo'),
    (19, 5, 'Luis', 'Mendoza', 'luis.mendoza19@saludintegralpacific02.enreach.io', '$2b$12$c26aedb4be3c70f04f605b6c7c209e9fba464f84ccc8361e74bdd', 'configurado'),
    (20, 5, 'Diego', 'Flores', 'diego.flores20@saludintegralpacific02.enreach.io', '$2b$12$a70c803f0ed371bad3922e6d7b4ffa728152f798c308475004819', 'Activo '),
    (21, 6, 'Diego', 'Reyes', 'diego.reyes21@saludintegralpacific02.enreach.io', '$2b$12$d38143c21393ed257e1094dde7a94253bd0af46d05b95d3539796', 'activ'),
    (22, 6, 'Andres', 'Acosta', 'andres.acosta22@saludintegralpacific02.enreach.io', '$2b$12$967bc9639b25f65a9f0fb1d18121332a21f5a834fa1dc5501da4f', 'activo'),
    (23, 6, 'Pedro', 'Rojas', 'pedro.rojas23@saludintegralpacific02.enreach.io', '$2b$12$a30c2b8a8d64590109d351a8335a3fb919b47a4e5c54030e770b8', 'ACTIVO'),
    (24, 6, 'Julian', 'Lopez', 'julian.lopez24@saludintegralpacific02.enreach.io', '$2b$12$164e5b737251047a1de90101a8851f181da7635e4831cd55b6428', 'Activo'),
    (25, 7, 'Noelia', 'Ruiz', 'noelia.ruiz25@textilesdelnorte03.enreach.io', '$2b$12$69f79b890c03315e4a11a07d414c53217181fa74c9d20a592ff23', 'configurado'),
    (26, 7, 'Carla', 'Ibarra', 'carla.ibarra26@textilesdelnorte03.enreach.io', '$2b$12$e97ae68cd80c2710f3f990f1b89aa6e78ae6bcd754ef4ec07cc2a', 'activo'),
    (27, 7, 'Valeria', 'Silva', 'valeria.silva27@textilesdelnorte03.enreach.io', '$2b$12$1cbd92f1ef01b18325686b1914fa5b0cb00197eb54697073f74a1', 'activo'),
    (28, 7, 'Lucia', 'Castro', 'lucia.castro28@textilesdelnorte03.enreach.io', '$2b$12$08e3b318895a2c73927daafe85acb236f9c0a4a22600b44b07f4f', 'ACTIVO'),
    (29, 8, 'Lucia', 'Morales', 'lucia.morales29@textilesdelnorte03.enreach.io', '$2b$12$d549672e0f3c6db9c784dc7538051698c4d91b83ab3ef536609d9', 'Activo '),
    (30, 8, 'Camila', 'Salazar', 'camila.salazar30@textilesdelnorte03.enreach.io', '$2b$12$fb4e9210dba7431a3cedb74e3baa90dccd7b29bf437ab78d58eef', 'activ'),
    (31, 8, 'Noelia', 'Vera', 'noelia.vera31@textilesdelnorte03.enreach.io', '$2b$12$a6f006db8a9fcae2f97233ab2fcaa09ee40b207031fcc0b500e36', 'configurado'),
    (32, 8, 'Carla', 'Reyes', 'carla.reyes32@textilesdelnorte03.enreach.io', '$2b$12$e992ccef9a73344529f003a6de647d188b240541caba4cccf0249', 'ACTIVO'),
    (33, 9, 'Carla', 'Paredes', 'carla.paredes33@textilesdelnorte03.enreach.io', '$2b$12$091416a1aecd85c8fb61ee7884c1ce9345e11ed161d67fae5544f', 'Activo'),
    (34, 9, 'Valeria', 'Garcia', 'valeria.garcia34@textilesdelnorte03.enreach.io', '$2b$12$71dedce6dacbed2c11c92776b5a8f0fb2609ecdb49d1fbcf6733a', 'activ '),
    (35, 9, 'Lucia', 'Navarro', 'lucia.navarro35@textilesdelnorte03.enreach.io', '$2b$12$b39f30bc95c6119322a1ccc9a681c5dff3fe4185cadf9ade7cc6c', 'activo'),
    (36, 9, 'Camila', 'Ruiz', 'camila.ruiz36@textilesdelnorte03.enreach.io', '$2b$12$ae438cb85f24315be457014d5fc1786f19cfe9a553f69d8ffd9cc', 'activo'),
    (37, 10, 'Bruno', 'Cabrera', 'bruno.cabrera37@logisticasierraazul04.enreach.io', '$2b$12$09a19960ab8f0f6c04c641135a43bf114e708355ee5e889bcc11f', 'configurado'),
    (38, 10, 'Ramon', 'Torres', 'ramon.torres38@logisticasierraazul04.enreach.io', '$2b$12$70f921f128569afca2257796ec9be047c37ff908a5ce3298c5552', 'Activo '),
    (39, 10, 'Mateo', 'Cruz', 'mateo.cruz39@logisticasierraazul04.enreach.io', '$2b$12$6e044627d738f49c1ab326ec7a8e08bcb930d1f76a86b4ce8ea61', 'activ'),
    (40, 10, 'Jorge', 'Morales', 'jorge.morales40@logisticasierraazul04.enreach.io', '$2b$12$a086e729a2516876bb91c69ef69d95a2fa6da841f08a35e34dee3', 'activo'),
    (41, 11, 'Jorge', 'Herrera', 'jorge.herrera41@logisticasierraazul04.enreach.io', '$2b$12$7d8cf76fec9712a5676033d28a7414cd75320215e171e66d22e3d', 'ACTIVO'),
    (42, 11, 'Martin', 'Mendoza', 'martin.mendoza42@logisticasierraazul04.enreach.io', '$2b$12$3e838093f7c960db599ac0450bc5573fb38dcf72fbc325aa74eb0', 'Activo'),
    (43, 11, 'Bruno', 'Flores', 'bruno.flores43@logisticasierraazul04.enreach.io', '$2b$12$cc350d275b86ca6c58718f5ac4dabb8ce9473ce31dfcd733d0ee1', 'configurado'),
    (44, 11, 'Ramon', 'Paredes', 'ramon.paredes44@logisticasierraazul04.enreach.io', '$2b$12$4e24cfe6d0dddd640e0d45f35be6a30618f40ca80a158cf4d3bf7', 'activo'),
    (45, 12, 'Ramon', 'Acosta', 'ramon.acosta45@logisticasierraazul04.enreach.io', '$2b$12$82f1fa88ee8ac776874cd26c470408319eb7205196b066cf4c09c', 'activo'),
    (46, 12, 'Mateo', 'Rojas', 'mateo.rojas46@logisticasierraazul04.enreach.io', '$2b$12$eab323fe4867bb68200809aa1cc55ac16fac48c1f9083b9921d31', 'ACTIVO'),
    (47, 12, 'Jorge', 'Lopez', 'jorge.lopez47@logisticasierraazul04.enreach.io', '$2b$12$0a1ace91efc235b4a0d8dd34d6d535122a16d68f5cb145bdcd844', 'Activo '),
    (48, 12, 'Martin', 'Cabrera', 'martin.cabrera48@logisticasierraazul04.enreach.io', '$2b$12$16debc85d82a51494638eee0bb137b00065564838b5a806caa42a', 'activ'),
    (49, 13, 'Elena', 'Ibarra', 'elena.ibarra49@finanzasaurora05.enreach.io', '$2b$12$9229bc7fb9b46160b8a4c7baaa6fb56baa9ebdef6b2692396f6ff', 'configurado'),
    (50, 13, 'Marta', 'Silva', 'marta.silva50@finanzasaurora05.enreach.io', '$2b$12$d23e74626853b3e96f52ad91a6070fc211804011c71018512c98f', 'ACTIVO'),
    (51, 13, 'Ana', 'Castro', 'ana.castro51@finanzasaurora05.enreach.io', '$2b$12$6af0d1b636f0f9370227aa49cfcf85e086c174e2ab74196f52c98', 'Activo'),
    (52, 13, 'Sofia', 'Herrera', 'sofia.herrera52@finanzasaurora05.enreach.io', '$2b$12$23b287d6d20b03fa94f18b58ea2e46a1ad0225af72913a9537f08', 'activ '),
    (53, 14, 'Sofia', 'Salazar', 'sofia.salazar53@finanzasaurora05.enreach.io', '$2b$12$c5cbdacc9ce907cfe1c55ebae31d851d20d619855833bddf9ad79', 'activo'),
    (54, 14, 'Paula', 'Vera', 'paula.vera54@finanzasaurora05.enreach.io', '$2b$12$e85416608f43a358bf153dfa2ba484ec9de8322029cf682442617', 'activo'),
    (55, 14, 'Elena', 'Reyes', 'elena.reyes55@finanzasaurora05.enreach.io', '$2b$12$14ab6021ee9ee9e0e05699c79d23902e5e8a6a20850a24a117b46', 'configurado'),
    (56, 14, 'Marta', 'Acosta', 'marta.acosta56@finanzasaurora05.enreach.io', '$2b$12$2e9242d5fbd346cb6f0f8831bc889a33786e1333f599ae41d75a7', 'Activo '),
    (57, 15, 'Marta', 'Garcia', 'marta.garcia57@finanzasaurora05.enreach.io', '$2b$12$c1cf0d2803e2090418c5c1e863e43e0b26d4d0af23caf81498ca7', 'activ'),
    (58, 15, 'Ana', 'Navarro', 'ana.navarro58@finanzasaurora05.enreach.io', '$2b$12$adde792e4de7d96f65cc8670aae9c435ff6b08c5d77e5157e9616', 'activo'),
    (59, 15, 'Sofia', 'Ruiz', 'sofia.ruiz59@finanzasaurora05.enreach.io', '$2b$12$b3f8b1ebcecffad1f7b7bfa76d151713ac8d19e30a4b6db5fd505', 'ACTIVO'),
    (60, 15, 'Paula', 'Ibarra', 'paula.ibarra60@finanzasaurora05.enreach.io', '$2b$12$22c6497195e3a1728aa88f13930c7ee0012651b93794b5bc0a463', 'Activo'),
    (61, 16, 'Andres', 'Torres', 'andres.torres61@retailcostamar06.enreach.io', '$2b$12$d5d5c8584afea981b7465da2609c87894c85addcc1e9e1a47e248', 'configurado'),
    (62, 16, 'Pedro', 'Cruz', 'pedro.cruz62@retailcostamar06.enreach.io', '$2b$12$7051ff006fa07791ea4a0961c21b8d9eace308a906a37fe57085b', 'activo'),
    (63, 16, 'Julian', 'Morales', 'julian.morales63@retailcostamar06.enreach.io', '$2b$12$7e0a8dab52b5cb75618cb0039df86aaaecf5d6aef989798bacb84', 'activo'),
    (64, 16, 'Luis', 'Salazar', 'luis.salazar64@retailcostamar06.enreach.io', '$2b$12$a7cd9a7f81362af4b19bae72705c8c95e02c46a838b6211a02aea', 'ACTIVO'),
    (65, 17, 'Luis', 'Mendoza', 'luis.mendoza65@retailcostamar06.enreach.io', '$2b$12$0663ed867656c936bc4b5430bb150551984a04b3d2c3cbb8bf4b8', 'Activo '),
    (66, 17, 'Diego', 'Flores', 'diego.flores66@retailcostamar06.enreach.io', '$2b$12$d3c92f654a61d1d099191e310469759d6bbb19a06940585b570d3', 'activ'),
    (67, 17, 'Andres', 'Paredes', 'andres.paredes67@retailcostamar06.enreach.io', '$2b$12$330e16239cbbc37dba31f6381f39025d2e390d771e563f051f04d', 'configurado'),
    (68, 17, 'Pedro', 'Garcia', 'pedro.garcia68@retailcostamar06.enreach.io', '$2b$12$3d7ccf21540ba633c0d79c326d1cdd206fa62597ef1a92ee7747c', 'ACTIVO'),
    (69, 18, 'Pedro', 'Rojas', 'pedro.rojas69@retailcostamar06.enreach.io', '$2b$12$d342b7611ead5dcd4bf958a165f9039ccd6cd8d6b386715008b31', 'Activo'),
    (70, 18, 'Julian', 'Lopez', 'julian.lopez70@retailcostamar06.enreach.io', '$2b$12$05b854204c3013041e6ceb10c0a07aa5602c8faa077a11963927e', 'activ '),
    (71, 18, 'Luis', 'Cabrera', 'luis.cabrera71@retailcostamar06.enreach.io', '$2b$12$eee9684018e96577da38504b81d23e8007e3cbfd4a9807646a25a', 'activo'),
    (72, 18, 'Diego', 'Torres', 'diego.torres72@retailcostamar06.enreach.io', '$2b$12$442f2d0daabcb7ba58ec899e5f2a2cd1d10c34b0431873dbdc135', 'activo'),
    (73, 19, 'Valeria', 'Silva', 'valeria.silva73@agroexportsolverde07.enreach.io', '$2b$12$c85de58e72f0ffdaafbdf89541119309ecd7a6f39780f60c468c9', 'configurado'),
    (74, 19, 'Lucia', 'Castro', 'lucia.castro74@agroexportsolverde07.enreach.io', '$2b$12$8c61b1787170b6a7fe7dbff140708468430203662bee6aafde424', 'Activo '),
    (75, 19, 'Camila', 'Herrera', 'camila.herrera75@agroexportsolverde07.enreach.io', '$2b$12$188d3e53bca944adf54e3297c940508887f2936afea2688e0b964', 'activ'),
    (76, 19, 'Noelia', 'Mendoza', 'noelia.mendoza76@agroexportsolverde07.enreach.io', '$2b$12$3fd98977a59c532ececa9b5891138d7668af41d68b64fae68ef26', 'activo'),
    (77, 20, 'Noelia', 'Vera', 'noelia.vera77@agroexportsolverde07.enreach.io', '$2b$12$15ed3b25ab592b665c131ea4405dd2907c03433f9699274a6e013', 'ACTIVO'),
    (78, 20, 'Carla', 'Reyes', 'carla.reyes78@agroexportsolverde07.enreach.io', '$2b$12$b9d70e22e5b22f1ca6825f583054598f281bbb9da4d08a0b9ac69', 'Activo'),
    (79, 20, 'Valeria', 'Acosta', 'valeria.acosta79@agroexportsolverde07.enreach.io', '$2b$12$e25071b47a90f0155c08f438e95b02480b86593f662b6af8d4c38', 'configurado'),
    (80, 20, 'Lucia', 'Rojas', 'lucia.rojas80@agroexportsolverde07.enreach.io', '$2b$12$a9eeeb05a24f8ac360f7a44afb145e70c9e936203cd7cdce53bb1', 'activo'),
    (81, 21, 'Lucia', 'Navarro', 'lucia.navarro81@agroexportsolverde07.enreach.io', '$2b$12$06cf87c0284187e34edd4dee44bf8c98cc2843abc8be8ef6295a6', 'activo'),
    (82, 21, 'Camila', 'Ruiz', 'camila.ruiz82@agroexportsolverde07.enreach.io', '$2b$12$ec77022396f6b7a4d44c2a2323ccdca132eb536130474b5700ec7', 'ACTIVO'),
    (83, 21, 'Noelia', 'Ibarra', 'noelia.ibarra83@agroexportsolverde07.enreach.io', '$2b$12$8cf16a1d191b951364169aa30617309a61757017ccbfb3bd0e5b4', 'Activo '),
    (84, 21, 'Carla', 'Silva', 'carla.silva84@agroexportsolverde07.enreach.io', '$2b$12$c3d781c2ab4f48d243d9a8f47c6f484c31c0be53697592534f0fb', 'activ'),
    (85, 22, 'Mateo', 'Cruz', 'mateo.cruz85@educaredlatam08.enreach.io', '$2b$12$a2bb41ef23cce38aae352249da62b57b1d5167bffce0e2f5535d4', 'configurado'),
    (86, 22, 'Jorge', 'Morales', 'jorge.morales86@educaredlatam08.enreach.io', '$2b$12$fb45522055107e3bb179478d5b3d15825ce39de48d74b4b38f61d', 'ACTIVO'),
    (87, 22, 'Martin', 'Salazar', 'martin.salazar87@educaredlatam08.enreach.io', '$2b$12$a2f5bae8a9992f2c657d4199c2eef874abbed1facf6c5cc45c4a6', 'Activo'),
    (88, 22, 'Bruno', 'Vera', 'bruno.vera88@educaredlatam08.enreach.io', '$2b$12$bf89d40e8b6e5d0989078a36bd9b2ecf86721a2f9415e72b8bf70', 'activ '),
    (89, 23, 'Bruno', 'Flores', 'bruno.flores89@educaredlatam08.enreach.io', '$2b$12$d6a939371505df9cf90d1d0f1c346ef51d3a85aba2d86d09ff144', 'activo'),
    (90, 23, 'Ramon', 'Paredes', 'ramon.paredes90@educaredlatam08.enreach.io', '$2b$12$8fe88a242c2fa5232e796b1e0ca45ef12fae74433eb6a5f7b2873', 'activo'),
    (91, 23, 'Mateo', 'Garcia', 'mateo.garcia91@educaredlatam08.enreach.io', '$2b$12$ea13b26d1c5a8911f3c63960677ec7d516d64cf469834d20ffde2', 'configurado'),
    (92, 23, 'Jorge', 'Navarro', 'jorge.navarro92@educaredlatam08.enreach.io', '$2b$12$06b70b91dc6f15a0253108c7dbb291efb85410ac81b07b904ea25', 'Activo '),
    (93, 24, 'Jorge', 'Lopez', 'jorge.lopez93@educaredlatam08.enreach.io', '$2b$12$e83c1664f75b2c70c17d393c494c1f528b5ff7674dfceb7a4479c', 'activ'),
    (94, 24, 'Martin', 'Cabrera', 'martin.cabrera94@educaredlatam08.enreach.io', '$2b$12$1c8b4826f0d63834ac9b67503a6f64d1854ede1b85075171e1624', 'activo'),
    (95, 24, 'Bruno', 'Torres', 'bruno.torres95@educaredlatam08.enreach.io', '$2b$12$8fc742b8c51c5260c47d57e90ce9b6d89d0a891414c579c997824', 'ACTIVO'),
    (96, 24, 'Ramon', 'Cruz', 'ramon.cruz96@educaredlatam08.enreach.io', '$2b$12$4d190da1fb127d58e6b6bafb8b6361ef2bab6820fab5ab1cc93e5', 'Activo'),
    (97, 25, 'Ana', 'Castro', 'ana.castro97@construmaxquito09.enreach.io', '$2b$12$2a8e3dc4dd478c00c637999516a7968c2393a6ef7a13e8116b19c', 'configurado'),
    (98, 25, 'Sofia', 'Herrera', 'sofia.herrera98@construmaxquito09.enreach.io', '$2b$12$86db45093ade27a0205bc3140019f6b94ea94bc5856961cc5dcac', 'activo'),
    (99, 25, 'Paula', 'Mendoza', 'paula.mendoza99@construmaxquito09.enreach.io', '$2b$12$fda086a83e50cb8d119ebeccdf359776b174edeaf7287836fe6b3', 'activo'),
    (100, 25, 'Elena', 'Flores', 'elena.flores100@construmaxquito09.enreach.io', '$2b$12$0dfa33ca60170e9e80a285449212d09a258a0905ca83e6dc73db6', 'ACTIVO'),
    (101, 26, 'Elena', 'Reyes', 'elena.reyes101@construmaxquito09.enreach.io', '$2b$12$082a1645d07e13ba50e7884ba1008a263b6eb7d3c2cbc37ce7421', 'Activo '),
    (102, 26, 'Marta', 'Acosta', 'marta.acosta102@construmaxquito09.enreach.io', '$2b$12$362d766e4502f9a655b4fab9ddad8e0b81e9a3265f9bd7bc68369', 'activ'),
    (103, 26, 'Ana', 'Rojas', 'ana.rojas103@construmaxquito09.enreach.io', '$2b$12$8c1d580abacbcab3de46bb6f7a6a8776678a04bbc6797186c54f1', 'configurado'),
    (104, 26, 'Sofia', 'Lopez', 'sofia.lopez104@construmaxquito09.enreach.io', '$2b$12$dc5bca3353f3d6719810f4e9057ddb36f0718ee47cf908810e7b0', 'ACTIVO'),
    (105, 27, 'Sofia', 'Ruiz', 'sofia.ruiz105@construmaxquito09.enreach.io', '$2b$12$3a982fe4063b8eba0005de62d375d3219cbac21f9947d9bd95e12', 'Activo'),
    (106, 27, 'Paula', 'Ibarra', 'paula.ibarra106@construmaxquito09.enreach.io', '$2b$12$25b043182f9711e75ed7314d9030b78ad9bbe0f0de11d56f129f8', 'activ '),
    (107, 27, 'Elena', 'Silva', 'elena.silva107@construmaxquito09.enreach.io', '$2b$12$5b11aaf7ca9fd3fbad0d600634a0b19916c1e35941db69d605306', 'activo'),
    (108, 27, 'Marta', 'Castro', 'marta.castro108@construmaxquito09.enreach.io', '$2b$12$9f848bf8bf44e7aa830d08f080e430b4567bfb7ea515740a49c8a', 'activo'),
    (109, 28, 'Julian', 'Morales', 'julian.morales109@turismorutaviva10.enreach.io', '$2b$12$eafd5c3df04dd81e5abca7d1c03ad950b62c1c9c50b4baba34b80', 'configurado'),
    (110, 28, 'Luis', 'Salazar', 'luis.salazar110@turismorutaviva10.enreach.io', '$2b$12$5a0c475cd983e0a184d3947c4e4d8ae50f2497cf633b093ae8a9c', 'Activo '),
    (111, 28, 'Diego', 'Vera', 'diego.vera111@turismorutaviva10.enreach.io', '$2b$12$200a8c2041f64309b5fcc49d10f42c14d9f12ab083ab7e4197070', 'activ'),
    (112, 28, 'Andres', 'Reyes', 'andres.reyes112@turismorutaviva10.enreach.io', '$2b$12$ea0702fa77dc4bdab5a4e9179003f04cec1124811432676ffc1d5', 'activo'),
    (113, 29, 'Andres', 'Paredes', 'andres.paredes113@turismorutaviva10.enreach.io', '$2b$12$8cf615daa4bda3fb866282b45d78cc82b4ad9d02c5277a5c854f3', 'ACTIVO'),
    (114, 29, 'Pedro', 'Garcia', 'pedro.garcia114@turismorutaviva10.enreach.io', '$2b$12$b61b6da11ba5aed1dd1efd4ccfa36f459e321d6ff550d93d94752', 'Activo'),
    (115, 29, 'Julian', 'Navarro', 'julian.navarro115@turismorutaviva10.enreach.io', '$2b$12$08ffc73dcf12310098b7a25829bb4b00e619cc7985ac0325fc209', 'configurado'),
    (116, 29, 'Luis', 'Ruiz', 'luis.ruiz116@turismorutaviva10.enreach.io', '$2b$12$f30ec6003ef1e8a3c5b9afa0e518bfc01780ee6b12a93acc68be3', 'activo'),
    (117, 30, 'Luis', 'Cabrera', 'luis.cabrera117@turismorutaviva10.enreach.io', '$2b$12$366074fd3b056fe2b8856a17f24ab9dffeb3d28cc29329f2e6c34', 'activo'),
    (118, 30, 'Diego', 'Torres', 'diego.torres118@turismorutaviva10.enreach.io', '$2b$12$81014051149269501236e0158097e60b91ae254ceeeeb7e30546c', 'ACTIVO'),
    (119, 30, 'Andres', 'Cruz', 'andres.cruz119@turismorutaviva10.enreach.io', '$2b$12$b19dcd3393052fd3b6a476ce54ee7b98c68100dbb2b2574ba7c29', 'Activo '),
    (120, 30, 'Pedro', 'Morales', 'pedro.morales120@turismorutaviva10.enreach.io', '$2b$12$62f052f7af4b83d2028eff6396f775ec40a2bae0b9e1e885a1cb9', 'activ'),
    (121, 31, 'Camila', 'Herrera', 'camila.herrera121@farmaciacentraluno11.enreach.io', '$2b$12$a50d7560f3053869d602429b82eb820370ef947ad582b945e32f8', 'configurado'),
    (122, 31, 'Noelia', 'Mendoza', 'noelia.mendoza122@farmaciacentraluno11.enreach.io', '$2b$12$86debfcda0facd2ef0a69a071b3a824a10e2aeb775eed4d476105', 'ACTIVO'),
    (123, 31, 'Carla', 'Flores', 'carla.flores123@farmaciacentraluno11.enreach.io', '$2b$12$246bcd4b3b7b10fb38521473d12811422d9e0e889fe43063e131c', 'Activo'),
    (124, 31, 'Valeria', 'Paredes', 'valeria.paredes124@farmaciacentraluno11.enreach.io', '$2b$12$929ed06dedad7becaf2673b4ccf349aa9d329fe96740650391077', 'activ '),
    (125, 32, 'Valeria', 'Acosta', 'valeria.acosta125@farmaciacentraluno11.enreach.io', '$2b$12$e89674c59068065174286e9a4192eabf4c9f42e452d129222cedd', 'activo'),
    (126, 32, 'Lucia', 'Rojas', 'lucia.rojas126@farmaciacentraluno11.enreach.io', '$2b$12$ecd2a541c4bdd091883a374627fca2dbaf632ceaf88c795561395', 'activo'),
    (127, 32, 'Camila', 'Lopez', 'camila.lopez127@farmaciacentraluno11.enreach.io', '$2b$12$efcf5c4801176a0d812d80a52297203584fb21bb66d01e0b50db9', 'configurado'),
    (128, 32, 'Noelia', 'Cabrera', 'noelia.cabrera128@farmaciacentraluno11.enreach.io', '$2b$12$51a4fec2f3a1b2f866e265860933f2eaca7ef66386a9af7dd7b04', 'Activo '),
    (129, 33, 'Noelia', 'Ibarra', 'noelia.ibarra129@farmaciacentraluno11.enreach.io', '$2b$12$9ff5a463e0d69d4becb336cdcab45cd1dfdaf10205ab369519f58', 'activ'),
    (130, 33, 'Carla', 'Silva', 'carla.silva130@farmaciacentraluno11.enreach.io', '$2b$12$e77ef300b5ecd082d14678d38252250c553305cef2d6f11a5f162', 'activo'),
    (131, 33, 'Valeria', 'Castro', 'valeria.castro131@farmaciacentraluno11.enreach.io', '$2b$12$308f658fa7c6c594afa19aee431c3134be59bc4fdfbb34899040d', 'ACTIVO'),
    (132, 33, 'Lucia', 'Herrera', 'lucia.herrera132@farmaciacentraluno11.enreach.io', '$2b$12$5003e2376a94aa9104694b2285b4ad5aae33a3d20a06ac3b0c53a', 'Activo'),
    (133, 34, 'Martin', 'Salazar', 'martin.salazar133@metalurgicadelsur12.enreach.io', '$2b$12$62664041fce80d01e698848db1effbe48c78234329ef4fe958619', 'configurado'),
    (134, 34, 'Bruno', 'Vera', 'bruno.vera134@metalurgicadelsur12.enreach.io', '$2b$12$9eea8f7094d28df729aec5b54bd885a99157de069865338bdb0cf', 'activo'),
    (135, 34, 'Ramon', 'Reyes', 'ramon.reyes135@metalurgicadelsur12.enreach.io', '$2b$12$6e7c1dd71ec3515d4f6215fbb4bbb8f059a41ec4d41ca05bdbb9d', 'activo'),
    (136, 34, 'Mateo', 'Acosta', 'mateo.acosta136@metalurgicadelsur12.enreach.io', '$2b$12$cd70f978174bc06032b5c45463ef9be94ddfa0b93fbfbffa44133', 'ACTIVO'),
    (137, 35, 'Mateo', 'Garcia', 'mateo.garcia137@metalurgicadelsur12.enreach.io', '$2b$12$2cfaa9fcfb93c1c7ef1d3d4e83a3a99dc109fb91d39c733164331', 'Activo '),
    (138, 35, 'Jorge', 'Navarro', 'jorge.navarro138@metalurgicadelsur12.enreach.io', '$2b$12$d4d1941d38d856e8423c1b200444a523c423ac63c67d2a12db376', 'activ'),
    (139, 35, 'Martin', 'Ruiz', 'martin.ruiz139@metalurgicadelsur12.enreach.io', '$2b$12$d0911746540b69e6eddb014ac04ca5ec2652d10131f97c9551918', 'configurado'),
    (140, 35, 'Bruno', 'Ibarra', 'bruno.ibarra140@metalurgicadelsur12.enreach.io', '$2b$12$09e5c6b043aaccc63f0f314367bf8f111429995c9728c9483cf38', 'ACTIVO'),
    (141, 36, 'Bruno', 'Torres', 'bruno.torres141@metalurgicadelsur12.enreach.io', '$2b$12$6bba6e4f2881589e78a1f8f982fcdf72d974f32a07aec1549ffbe', 'Activo'),
    (142, 36, 'Ramon', 'Cruz', 'ramon.cruz142@metalurgicadelsur12.enreach.io', '$2b$12$7297d1842ab087e66bba8ead1a11b543fa2fd6ba34820aa50136d', 'activ '),
    (143, 36, 'Mateo', 'Morales', 'mateo.morales143@metalurgicadelsur12.enreach.io', '$2b$12$baf3974245c0c002e53414fb422cf757fb24ddd3cb020954c2ec9', 'inactivo '),
    (144, 36, 'Jorge', 'Salazar', 'jorge.salazar144@metalurgicadelsur12.enreach.io', '$2b$12$d2fbf68db4bb64c424d1f55734aa7a4db8dfdc2f48a228c64af00', 'activo'),
    (145, 37, 'Paula', 'Mendoza', 'paula.mendoza145@consorciobahiatech13.enreach.io', '$2b$12$b3631c2ec55c383541652556f7731b71d9c5480a504ee14dd358a', 'ACTIVO'),
    (146, 37, 'Elena', 'Flores', 'elena.flores146@consorciobahiatech13.enreach.io', '$2b$12$a5eed2d4e82b133e7ea7fb98652ff04736634c9286620a9570a67', 'pendiente '),
    (147, 37, 'Marta', 'Paredes', 'marta.paredes147@consorciobahiatech13.enreach.io', '$2b$12$a91d2731f2ac0815b4c8c7cd2c4e663a6e01ded13c9696a77522c', 'activ'),
    (148, 37, 'Ana', 'Garcia', 'ana.garcia148@consorciobahiatech13.enreach.io', '$2b$12$8221277016cf00474956f1738619eea5688fb5344d50b10e3ebf9', 'activo'),
    (149, 38, 'Ana', 'Rojas', 'ana.rojas149@consorciobahiatech13.enreach.io', '$2b$12$794b26b625c07f6a116f390d09f4beb17aef97def9f296c7a2e29', 'ACTIVO'),
    (150, 38, 'Sofia', 'Lopez', 'sofia.lopez150@consorciobahiatech13.enreach.io', '$2b$12$3c9cdcbfb184b1840068c284f527820729c867a15605f151a4ca7', 'Activo'),
    (151, 38, 'Paula', 'Cabrera', 'paula.cabrera151@consorciobahiatech13.enreach.io', '$2b$12$04f78cd105818047620a55aeeedfee66b10503db3bcaa5237ab2c', 'activ '),
    (152, 38, 'Elena', 'Torres', 'elena.torres152@consorciobahiatech13.enreach.io', '$2b$12$3329a790f4ee7d4b0e202ecca812d41913acb2869c268a3f69c0f', 'pendiente '),
    (153, 39, 'Elena', 'Silva', 'elena.silva153@consorciobahiatech13.enreach.io', '$2b$12$eb3e4801a0123b13de2d3397eb0e039e581ee50c57b7e2220b071', 'activo'),
    (154, 39, 'Marta', 'Castro', 'marta.castro154@consorciobahiatech13.enreach.io', '$2b$12$5df33beca6c5f77d95b89006b03c08c1b8947ee74c9fe98744113', 'ACTIVO'),
    (155, 39, 'Ana', 'Herrera', 'ana.herrera155@consorciobahiatech13.enreach.io', '$2b$12$c122b961d5101abfeae9b7a29b2692fbec33740e45c489bed95e8', 'Activo '),
    (156, 39, 'Sofia', 'Mendoza', 'sofia.mendoza156@consorciobahiatech13.enreach.io', '$2b$12$3895b6f0367a617f2fa9cbe3cb3ca68d0f2a0b9e5b2f9ee9009c0', 'activ'),
    (157, 40, 'Diego', 'Vera', 'diego.vera157@clinicahorizonte14.enreach.io', '$2b$12$bd9e28376f224a0220aa498b3574629ef71e1106b2d4d89825a8b', 'activo'),
    (158, 40, 'Andres', 'Reyes', 'andres.reyes158@clinicahorizonte14.enreach.io', '$2b$12$60c8a15397a38836fac47db78ea41d71f19aa0cae2c7478bc8bbe', 'pendiente '),
    (159, 40, 'Pedro', 'Acosta', 'pedro.acosta159@clinicahorizonte14.enreach.io', '$2b$12$86b3e44ed4e6ba74c5d7fb043bf7988d056aa1fd345fa2fd2c25c', 'Activo'),
    (160, 40, 'Julian', 'Rojas', 'julian.rojas160@clinicahorizonte14.enreach.io', '$2b$12$a3df42f83f0221c6fdafd8cc1bb781b64afef053d5a39451f10e3', 'activ '),
    (161, 41, 'Julian', 'Navarro', 'julian.navarro161@clinicahorizonte14.enreach.io', '$2b$12$2858bbc250b9914dba601b6a0dd7410261cb8c47190b18ec13b9b', 'activo'),
    (162, 41, 'Luis', 'Ruiz', 'luis.ruiz162@clinicahorizonte14.enreach.io', '$2b$12$558c06d3a8e207efaceca450f64f3e3184e048e93edf18539de6e', 'activo'),
    (163, 41, 'Diego', 'Ibarra', 'diego.ibarra163@clinicahorizonte14.enreach.io', '$2b$12$1663b6b09e9d12f525b528f9c4d35f14a776426219ec4c0e3ff15', 'ACTIVO'),
    (164, 41, 'Andres', 'Silva', 'andres.silva164@clinicahorizonte14.enreach.io', '$2b$12$6c2fd60a5f2fe7ebf2be68a1b2d58e75bc4014b0e1fe4f5278505', 'pendiente '),
    (165, 42, 'Andres', 'Cruz', 'andres.cruz165@clinicahorizonte14.enreach.io', '$2b$12$09bb44579f0142bcdc86cfe232b08844ef977e63b3c41a1c864aa', 'activ'),
    (166, 42, 'Pedro', 'Morales', 'pedro.morales166@clinicahorizonte14.enreach.io', '$2b$12$8f4c42ca789419b63e3d7d129f205c1ce5b417250161ab2cc6f56', 'activo'),
    (167, 42, 'Julian', 'Salazar', 'julian.salazar167@clinicahorizonte14.enreach.io', '$2b$12$e9c31af12204bd98eba910f699c7b725d39ee5a9920cd7b763ec7', 'ACTIVO'),
    (168, 42, 'Luis', 'Vera', 'luis.vera168@clinicahorizonte14.enreach.io', '$2b$12$1bf1d44b38d27c21cebf4912184afd54e49251f7f73f7f0e99a0e', 'Activo'),
    (169, 43, 'Carla', 'Flores', 'carla.flores169@distribuidoraaltoval15.enreach.io', '$2b$12$ca86ade94317ab58421128166de9e3b5eb54d913409767fd26ed9', 'activ '),
    (170, 43, 'Valeria', 'Paredes', 'valeria.paredes170@distribuidoraaltoval15.enreach.io', '$2b$12$15430daddeee3ea776ba1753bca7d678ad1ad53eb03c1e56bf741', 'pendiente '),
    (171, 43, 'Lucia', 'Garcia', 'lucia.garcia171@distribuidoraaltoval15.enreach.io', '$2b$12$2db637918c3688a55da2eb14f7eb9ea120bd16927a6a69821d0de', 'activo'),
    (172, 43, 'Camila', 'Navarro', 'camila.navarro172@distribuidoraaltoval15.enreach.io', '$2b$12$afaf32702e6722a6b059ee351b519918ae71fbe2adb3001ce148a', 'ACTIVO'),
    (173, 44, 'Camila', 'Lopez', 'camila.lopez173@distribuidoraaltoval15.enreach.io', '$2b$12$ba01114c3e1386dde3dcef7991313553ed32f49f689d1bfca82a1', 'Activo '),
    (174, 44, 'Noelia', 'Cabrera', 'noelia.cabrera174@distribuidoraaltoval15.enreach.io', '$2b$12$9c642fc93ed7fcca78509f5406cde10a614ee88670c9aa03db563', 'activ'),
    (175, 44, 'Carla', 'Torres', 'carla.torres175@distribuidoraaltoval15.enreach.io', '$2b$12$ae0be8cf67f78fb320c7ef07b875b540d3334a3a3024446286c9e', 'activo'),
    (176, 44, 'Valeria', 'Cruz', 'valeria.cruz176@distribuidoraaltoval15.enreach.io', '$2b$12$a680acc1d6a8edd9703a1d7eecb47908c7c04ff18b524cbaf3649', 'pendiente '),
    (177, 45, 'Valeria', 'Castro', 'valeria.castro177@distribuidoraaltoval15.enreach.io', '$2b$12$7ef87402aa8f1f48f7c4f211c3a15abb1a9337e46de309d75deee', 'Activo'),
    (178, 45, 'Lucia', 'Herrera', 'lucia.herrera178@distribuidoraaltoval15.enreach.io', '$2b$12$7086911ffaab6bd3e695b3256cf5b99f831fd85166c156c830dcf', 'activ '),
    (179, 45, 'Camila', 'Mendoza', 'camila.mendoza179@distribuidoraaltoval15.enreach.io', '$2b$12$5b1e3f87ff580b89333ddac0523eb5a6b8fd5f996dbcf593982e2', 'activo'),
    (180, 45, 'Noelia', 'Flores', 'noelia.flores180@distribuidoraaltoval15.enreach.io', '$2b$12$4140f0b781ccc843dcc903798d3e610c1ada07bfff474f47d0c48', 'activo'),
    (181, 46, 'Ramon', 'Reyes', 'ramon.reyes181@segurosprisma16.enreach.io', '$2b$12$995eb151e14292300401079c25b78a14799e2a608f7428bc26f1c', 'ACTIVO'),
    (182, 46, 'Mateo', 'Acosta', 'mateo.acosta182@segurosprisma16.enreach.io', '$2b$12$4efac8814510f6aef39eb15a345d12f0ddcbfb8c6420ff1fc243a', 'pendiente '),
    (183, 46, 'Jorge', 'Rojas', 'jorge.rojas183@segurosprisma16.enreach.io', '$2b$12$78f849087a994cf32d0b5860edcb83418f62b6aca3e47f9384837', 'activ'),
    (184, 46, 'Martin', 'Lopez', 'martin.lopez184@segurosprisma16.enreach.io', '$2b$12$5321cf3866dd3eb41f2fb164c6feeff19827a1a3f98a9879c3d3e', 'activo'),
    (185, 47, 'Martin', 'Ruiz', 'martin.ruiz185@segurosprisma16.enreach.io', '$2b$12$33913bae57e4839c3d5f5e4145e241dc2d99d159e595f50b62df0', 'ACTIVO'),
    (186, 47, 'Bruno', 'Ibarra', 'bruno.ibarra186@segurosprisma16.enreach.io', '$2b$12$290f1b740e58dafebadf5dfd1bd808f32d6de1f46e537ffa4abda', 'Activo'),
    (187, 47, 'Ramon', 'Silva', 'ramon.silva187@segurosprisma16.enreach.io', '$2b$12$afa91c4702766e7c127462451087e8e97e960a5824464986cd6ee', 'activ '),
    (188, 47, 'Mateo', 'Castro', 'mateo.castro188@segurosprisma16.enreach.io', '$2b$12$f3fcc00e77314cb4bdaa7ec9c5ebd4645dc983fdac808269a4804', 'pendiente '),
    (189, 48, 'Mateo', 'Morales', 'mateo.morales189@segurosprisma16.enreach.io', '$2b$12$eae081f4a80e135dc3cf48a5860832316cf26a38c90ab0061e1d6', 'activo'),
    (190, 48, 'Jorge', 'Salazar', 'jorge.salazar190@segurosprisma16.enreach.io', '$2b$12$a0389191f763eef6c22bfb50ea022e10715318775a692fa9ecbbf', 'ACTIVO'),
    (191, 48, 'Martin', 'Vera', 'martin.vera191@segurosprisma16.enreach.io', '$2b$12$6f6fe66642142363c0725f7b815bb33a60ad07d55cbf66a6d857d', 'Activo '),
    (192, 48, 'Bruno', 'Reyes', 'bruno.reyes192@segurosprisma16.enreach.io', '$2b$12$63f85634c0d89849ee97bd43780c24ddddf3e97b9ebb1a068e98a', 'activ'),
    (193, 49, 'Marta', 'Paredes', 'marta.paredes193@cafemontano17.enreach.io', '$2b$12$1f6e4eea749d3b545c26e1aee76bfa0e4970300c0f2e68db13bdf', 'activo'),
    (194, 49, 'Ana', 'Garcia', 'ana.garcia194@cafemontano17.enreach.io', '$2b$12$f2bf1b11af7597ba85e54fcbca78668aad281fb6c91d64a792024', 'pendiente '),
    (195, 49, 'Sofia', 'Navarro', 'sofia.navarro195@cafemontano17.enreach.io', '$2b$12$b02df0fa43c546607201b3c24bb8599961cd2b5de0ce813531245', 'Activo'),
    (196, 49, 'Paula', 'Ruiz', 'paula.ruiz196@cafemontano17.enreach.io', '$2b$12$8e51a2194fa640e0202c581859a8d11ff38d8bea2b8239569b399', 'activ '),
    (197, 50, 'Paula', 'Cabrera', 'paula.cabrera197@cafemontano17.enreach.io', '$2b$12$93a7cb2ec2d7f182a183aba5948bea0bd23ca18c476a298d586f5', 'activo'),
    (198, 50, 'Elena', 'Torres', 'elena.torres198@cafemontano17.enreach.io', '$2b$12$58aca638ff34184f5a145ecb11a874893d1b559251579fb3d9acc', 'activo'),
    (199, 50, 'Marta', 'Cruz', 'marta.cruz199@cafemontano17.enreach.io', '$2b$12$37e9bde73402ffeffb8756699d7634117d4656ba75a783a02b71d', 'ACTIVO'),
    (200, 50, 'Ana', 'Morales', 'ana.morales200@cafemontano17.enreach.io', '$2b$12$7e807e21cbc220c772b64a06e6ad3c54a7201b96999aa68404e4e', 'pendiente '),
    (201, 51, 'Ana', 'Herrera', 'ana.herrera201@cafemontano17.enreach.io', '$2b$12$89604bcbafbd35a06f7260b41f40c013f6c58e1625414dcf658da', 'activ'),
    (202, 51, 'Sofia', 'Mendoza', 'sofia.mendoza202@cafemontano17.enreach.io', '$2b$12$1a7a509c03daa32c325fc7da67a7f47edcd3b7b4e82060e637dd5', 'activo'),
    (203, 51, 'Paula', 'Flores', 'paula.flores203@cafemontano17.enreach.io', '$2b$12$ea147dee2ead186f9bdfa43c05e1aaf85365d365e6f502001e838', 'ACTIVO'),
    (204, 51, 'Elena', 'Paredes', 'elena.paredes204@cafemontano17.enreach.io', '$2b$12$cdd3e40577fcf4e8787976b5774e3073121acea720c29157fb815', 'Activo'),
    (205, 52, 'Pedro', 'Acosta', 'pedro.acosta205@energiadelta18.enreach.io', '$2b$12$d02576187fc209d471b8039b8baab27da9f19e46068e397751119', 'activ '),
    (206, 52, 'Julian', 'Rojas', 'julian.rojas206@energiadelta18.enreach.io', '$2b$12$0e9d0887eb215c16e111522e13827db430b7c86466281f15ed7ac', 'pendiente '),
    (207, 52, 'Luis', 'Lopez', 'luis.lopez207@energiadelta18.enreach.io', '$2b$12$97af8f8204456ab1ab6423e9183316aa6c2a402ec7e595696ba98', 'activo'),
    (208, 52, 'Diego', 'Cabrera', 'diego.cabrera208@energiadelta18.enreach.io', '$2b$12$3501a1c9b4cfdf6bccd4eb7e0699fe2ff37303173d61a8745dd46', 'ACTIVO'),
    (209, 53, 'Diego', 'Ibarra', 'diego.ibarra209@energiadelta18.enreach.io', '$2b$12$1deaba412979498273ea7fdaae03ef8905b4560f1125494e5cc43', 'Activo '),
    (210, 53, 'Andres', 'Silva', 'andres.silva210@energiadelta18.enreach.io', '$2b$12$b20245cef2c235bcfbb4819c6c7d937235f7722c1e34f4f235b66', 'activ'),
    (211, 53, 'Pedro', 'Castro', 'pedro.castro211@energiadelta18.enreach.io', '$2b$12$2106b29deb5144697c1670ecdc63205d96062d7f55c73c897fbfe', 'activo'),
    (212, 53, 'Julian', 'Herrera', 'julian.herrera212@energiadelta18.enreach.io', '$2b$12$93f4aaefe49683bb988fee9803f83be587c77542766ba3652c618', 'pendiente '),
    (213, 54, 'Julian', 'Salazar', 'julian.salazar213@energiadelta18.enreach.io', '$2b$12$28ade46d8abef14d4755db85f8ef53eea3cec9ea833ff23e329d6', 'Activo'),
    (214, 54, 'Luis', 'Vera', 'luis.vera214@energiadelta18.enreach.io', '$2b$12$ee6c2826812a54b64ce2b33d08182efc4339c452eb14cf126c0a7', 'activ '),
    (215, 54, 'Diego', 'Reyes', 'diego.reyes215@energiadelta18.enreach.io', '$2b$12$5831f5b85dc5935b1228a07a6b9d5f095f8b4ab57ea10c37576d8', 'activo'),
    (216, 54, 'Andres', 'Acosta', 'andres.acosta216@energiadelta18.enreach.io', '$2b$12$9171bba254438339e64dfba92bc94301ac74c6a683ffa4e76166b', 'activo'),
    (217, 55, 'Lucia', 'Garcia', 'lucia.garcia217@biolabsecuador19.enreach.io', '$2b$12$0ce981aa4aa4b3a049629bce604bd31e89f5255e11ca2a4aff2d8', 'ACTIVO'),
    (218, 55, 'Camila', 'Navarro', 'camila.navarro218@biolabsecuador19.enreach.io', '$2b$12$2151d6f2a33f262a45a04c4c3abe573bfbd5e00ff0e14da3bc2b0', 'pendiente '),
    (219, 55, 'Noelia', 'Ruiz', 'noelia.ruiz219@biolabsecuador19.enreach.io', '$2b$12$d6f55e836130cb8c93188ec6ceea4a757fb4f0d5fec0b5f75b59d', 'activ'),
    (220, 55, 'Carla', 'Ibarra', 'carla.ibarra220@biolabsecuador19.enreach.io', '$2b$12$2f2082c72e3a5cca944b6b226be6a3085f68f2d40033872106a45', 'activo'),
    (221, 56, 'Carla', 'Torres', 'carla.torres221@biolabsecuador19.enreach.io', '$2b$12$af9adf67a808b398d49e3159948090eaff8c46b29d20a96529eb5', 'ACTIVO'),
    (222, 56, 'Valeria', 'Cruz', 'valeria.cruz222@biolabsecuador19.enreach.io', '$2b$12$026d66d2c08ee62c319e1005148bbbef981af13e834a2b762549a', 'Activo'),
    (223, 56, 'Lucia', 'Morales', 'lucia.morales223@biolabsecuador19.enreach.io', '$2b$12$44f73693795d892429b5010e801e5f55c63e8d514c96e44315499', 'activ '),
    (224, 56, 'Camila', 'Salazar', 'camila.salazar224@biolabsecuador19.enreach.io', '$2b$12$efc77de931b18658d52853af4cdab09dd0ac9b908c2546190386d', 'pendiente '),
    (225, 57, 'Camila', 'Mendoza', 'camila.mendoza225@biolabsecuador19.enreach.io', '$2b$12$6a3a684294385d2871dd861bda7862977c9b19acd764e20954902', 'activo'),
    (226, 57, 'Noelia', 'Flores', 'noelia.flores226@biolabsecuador19.enreach.io', '$2b$12$2ccd14575e0843a10f5eebdee369c31bca224dca625c3f4756756', 'ACTIVO'),
    (227, 57, 'Carla', 'Paredes', 'carla.paredes227@biolabsecuador19.enreach.io', '$2b$12$a27a77bdd4b04143bdb54bd43829a5e8ceb50e60737001a77737e', 'Activo '),
    (228, 57, 'Valeria', 'Garcia', 'valeria.garcia228@biolabsecuador19.enreach.io', '$2b$12$7f5659915d4cb0db6c8a5a75613910591eed359fa3f50799b467a', 'activ'),
    (229, 58, 'Jorge', 'Rojas', 'jorge.rojas229@mueblesnovacasa20.enreach.io', '$2b$12$a2be5adbb282a594c94b9db400b461de9f0baaedcac4ede612fc2', 'activo'),
    (230, 58, 'Martin', 'Lopez', 'martin.lopez230@mueblesnovacasa20.enreach.io', '$2b$12$2ef36565463cf46656f83029b73be0fdb4e0fb4fa0bf48b3ab27f', 'pendiente '),
    (231, 58, 'Bruno', 'Cabrera', 'bruno.cabrera231@mueblesnovacasa20.enreach.io', '$2b$12$8e09e2938e13d1c9d592cf1ddfea6d1713b7e16299cab2bd35da0', 'Activo'),
    (232, 58, 'Ramon', 'Torres', 'ramon.torres232@mueblesnovacasa20.enreach.io', '$2b$12$181f24c3e0445bf5ce694f152f729cdb96f935d766792101ca971', 'activ '),
    (233, 59, 'Ramon', 'Silva', 'ramon.silva233@mueblesnovacasa20.enreach.io', '$2b$12$a18dcb0d032ff4462fb96b77a1134caec93ef5e3e3434cf7ce3b3', 'activo'),
    (234, 59, 'Mateo', 'Castro', 'mateo.castro234@mueblesnovacasa20.enreach.io', '$2b$12$d15d971c4c7c90d619197baa46eb2c6afac153c8ee1762835b293', 'activo'),
    (235, 59, 'Jorge', 'Herrera', 'jorge.herrera235@mueblesnovacasa20.enreach.io', '$2b$12$f9d37ef1d0dccc274516c9852ecafe2b22c9908fbfb832e95eeed', 'ACTIVO'),
    (236, 59, 'Martin', 'Mendoza', 'martin.mendoza236@mueblesnovacasa20.enreach.io', '$2b$12$ecc91a7180419f066ce4d8ea9fc332355842805c403c012731365', 'pendiente '),
    (237, 60, 'Martin', 'Vera', 'martin.vera237@mueblesnovacasa20.enreach.io', '$2b$12$0827170aa85c602740adb97b7ff7b6f3d2259cdf84045f246c96c', 'activ'),
    (238, 60, 'Bruno', 'Reyes', 'bruno.reyes238@mueblesnovacasa20.enreach.io', '$2b$12$33dd6966966e983ee723aabf05713cddd795a4ca8f1459db61f41', 'activo'),
    (239, 60, 'Ramon', 'Acosta', 'ramon.acosta239@mueblesnovacasa20.enreach.io', '$2b$12$6ee73d99792032536566f62dff222a1f2638999934c188c6e538a', 'ACTIVO'),
    (240, 60, 'Mateo', 'Rojas', 'mateo.rojas240@mueblesnovacasa20.enreach.io', '$2b$12$9865e6bda1dd475609f0b286918cbe69b7228650b3aa5b2e9187d', 'Activo'),
    (241, 61, 'Sofia', 'Navarro', 'sofia.navarro241@puertosdelpacifico21.enreach.io', '$2b$12$47c74a8f2b8742e66ae5b099b2ffde2bd571aac9882a3b58a20f1', 'activ '),
    (242, 61, 'Paula', 'Ruiz', 'paula.ruiz242@puertosdelpacifico21.enreach.io', '$2b$12$58188e8926d3cb6beab2e27d3bb032473bc3926a2210a104c640d', 'pendiente '),
    (243, 61, 'Elena', 'Ibarra', 'elena.ibarra243@puertosdelpacifico21.enreach.io', '$2b$12$9f8f61cac015ddcf381fd9d8855d139d8a0fa83800d2cc5aec671', 'activo'),
    (244, 61, 'Marta', 'Silva', 'marta.silva244@puertosdelpacifico21.enreach.io', '$2b$12$a1ac802455e263a9b92e62bd8609524f78e39775d3879261e4c0e', 'cancelado '),
    (245, 62, 'Marta', 'Cruz', 'marta.cruz245@puertosdelpacifico21.enreach.io', '$2b$12$5bc9cc147662ee3bee8c166266081e68343b338b179b1874d81c0', 'Activo '),
    (246, 62, 'Ana', 'Morales', 'ana.morales246@puertosdelpacifico21.enreach.io', '$2b$12$cb6724b271d4a4c0b0cc35ee28cd371fa49650c72945fe47fd937', 'activ'),
    (247, 62, 'Sofia', 'Salazar', 'sofia.salazar247@puertosdelpacifico21.enreach.io', '$2b$12$6a8e417f98b5c6ce520f35631e8eb5433b0e63247df369e70a015', 'activo'),
    (248, 62, 'Paula', 'Vera', 'paula.vera248@puertosdelpacifico21.enreach.io', '$2b$12$101c49f62fd376157846bffbc4846a86a5bced34ce8d7c5c34fa7', 'ACTIVO'),
    (249, 63, 'Paula', 'Flores', 'paula.flores249@puertosdelpacifico21.enreach.io', '$2b$12$33b8672601f78ac7530f2ca4bc48335aca8cefe85a966db359869', 'configurado'),
    (250, 63, 'Elena', 'Paredes', 'elena.paredes250@puertosdelpacifico21.enreach.io', '$2b$12$a533224bd186f270685ee4e389bd095b1120e9a0fa8edc7bc46a6', 'activ '),
    (251, 63, 'Marta', 'Garcia', 'marta.garcia251@puertosdelpacifico21.enreach.io', '$2b$12$277cca60d05816fbd36dbe4864022ed8cb0a65359ef6a27bf6a55', 'activo'),
    (252, 63, 'Ana', 'Navarro', 'ana.navarro252@puertosdelpacifico21.enreach.io', '$2b$12$3dc04ddace59ffe5a39748ffc23b7a957481113f2ff742184b81a', 'activo'),
    (253, 64, 'Luis', 'Lopez', 'luis.lopez253@mercadourbano2422.enreach.io', '$2b$12$aba789f0fb752a53a5479d35714780f7da6f39eb1df56f4d2b7ca', 'ACTIVO'),
    (254, 64, 'Diego', 'Cabrera', 'diego.cabrera254@mercadourbano2422.enreach.io', '$2b$12$0a2d0b1044364affb6772f35aec9317cd520108cfca74dd69503f', 'Activo '),
    (255, 64, 'Andres', 'Torres', 'andres.torres255@mercadourbano2422.enreach.io', '$2b$12$abca19227ebd20bd6ed87d7f2e9df0bc805f9d8e1640a5835491b', 'inactivo'),
    (256, 64, 'Pedro', 'Cruz', 'pedro.cruz256@mercadourbano2422.enreach.io', '$2b$12$a2b692bb365eb944d6f47b5a4532c5592b9eb1fc9082da07c68e4', 'registrado'),
    (257, 65, 'Pedro', 'Castro', 'pedro.castro257@mercadourbano2422.enreach.io', '$2b$12$cfb1b9c6147f0d4202a99cbf51903723d8f68d93d7b9b8ada90c5', 'ACTIVO'),
    (258, 65, 'Julian', 'Herrera', 'julian.herrera258@mercadourbano2422.enreach.io', '$2b$12$d8f8c8526f458b3ec3ee1c5015faa5b302584fe4b06df30b03b9e', 'Activo'),
    (259, 65, 'Luis', 'Mendoza', 'luis.mendoza259@mercadourbano2422.enreach.io', '$2b$12$8c2160cf3c890c9699b550456f7ccc07d93f54ce80e505aaa742f', 'activ '),
    (260, 65, 'Diego', 'Flores', 'diego.flores260@mercadourbano2422.enreach.io', '$2b$12$7183318085ee1f6298c1e367afd35409bb61232cf45cfd6d0c580', 'activo'),
    (261, 66, 'Diego', 'Reyes', 'diego.reyes261@mercadourbano2422.enreach.io', '$2b$12$56c29e5587e7d3e26b941e14c19f0e73f17f2f0774b6d5b61f7a3', 'activo'),
    (262, 66, 'Andres', 'Acosta', 'andres.acosta262@mercadourbano2422.enreach.io', '$2b$12$19551f1329f629f9df1811884a08c425b4f819192399665eba939', 'registrado'),
    (263, 66, 'Pedro', 'Rojas', 'pedro.rojas263@mercadourbano2422.enreach.io', '$2b$12$fce8aa5725861577acc15afa5b6cc85023fce0a75a9a090f2ab18', 'Activo '),
    (264, 66, 'Julian', 'Lopez', 'julian.lopez264@mercadourbano2422.enreach.io', '$2b$12$f253ec0921e319e3bda89d2b8b5094006b9f16790b11334c7593f', 'activ'),
    (265, 67, 'Noelia', 'Ruiz', 'noelia.ruiz265@cloudworkslima23.enreach.io', '$2b$12$0399a0f327303542a6ebd6aafc06f307d7c608d3afeec3e133a7b', 'activo'),
    (266, 67, 'Carla', 'Ibarra', 'carla.ibarra266@cloudworkslima23.enreach.io', '$2b$12$2301ba4a2495a246b824b72588f6e41f54df820c2152cb5cc355a', 'ACTIVO'),
    (267, 67, 'Valeria', 'Silva', 'valeria.silva267@cloudworkslima23.enreach.io', '$2b$12$798bbb12019e8259666a7661e27cb20d822ae214c2c445427fb00', 'Activo'),
    (268, 67, 'Lucia', 'Castro', 'lucia.castro268@cloudworkslima23.enreach.io', '$2b$12$0171e455e3a1214c605a8ec123dd3f719189577b9d1e603efec99', 'registrado'),
    (269, 68, 'Lucia', 'Morales', 'lucia.morales269@cloudworkslima23.enreach.io', '$2b$12$6fed254a8797e18c7cc6fd00eca003e059abe2a64f4394c35dbab', 'activo'),
    (270, 68, 'Camila', 'Salazar', 'camila.salazar270@cloudworkslima23.enreach.io', '$2b$12$6c425aa62dcf36d85089418d3e7ac2f4d10fefa75cdc9c6ffc4fe', 'activo'),
    (271, 68, 'Noelia', 'Vera', 'noelia.vera271@cloudworkslima23.enreach.io', '$2b$12$e653c74abb9799bd484a23059abc31d94353fd0fbf770e1a185a1', 'ACTIVO'),
    (272, 68, 'Carla', 'Reyes', 'carla.reyes272@cloudworkslima23.enreach.io', '$2b$12$01e43d817952e971c05ee8b5271b6b68cd81a38eb9b09a47c2d64', 'Activo '),
    (273, 69, 'Carla', 'Paredes', 'carla.paredes273@cloudworkslima23.enreach.io', '$2b$12$074b6f721eaa5f584cd862362d866108d218df84724aa5a6c2e61', 'activ'),
    (274, 69, 'Valeria', 'Garcia', 'valeria.garcia274@cloudworkslima23.enreach.io', '$2b$12$637858f77586b3577034dc0885b2fe31a75738820a8cc6d186267', 'registrado'),
    (275, 69, 'Lucia', 'Navarro', 'lucia.navarro275@cloudworkslima23.enreach.io', '$2b$12$0419958684365d4831ddfa5abe32742cbdb8643c2f30871bfc0f7', 'ACTIVO'),
    (276, 69, 'Camila', 'Ruiz', 'camila.ruiz276@cloudworkslima23.enreach.io', '$2b$12$f5ad06bf0ab1b32efa298e55f2f73fd471fe01645cceabe0f7ddb', 'cancelado'),
    (277, 70, 'Bruno', 'Cabrera', 'bruno.cabrera277@frutasdelvalle24.enreach.io', '$2b$12$885a7b02fb27fb0924d76ae25662423988e810163972937262ab1', 'activ '),
    (278, 70, 'Ramon', 'Torres', 'ramon.torres278@frutasdelvalle24.enreach.io', '$2b$12$9dfcc13d2242f4e1c6f21c2d6c66a0d7fa7949ea8855b89d6ccae', 'activo'),
    (279, 70, 'Mateo', 'Cruz', 'mateo.cruz279@frutasdelvalle24.enreach.io', '$2b$12$d1c100c1e0f088b0a9dbe7991efb7c86553904507c1f40311eb2c', 'activo'),
    (280, 70, 'Jorge', 'Morales', 'jorge.morales280@frutasdelvalle24.enreach.io', '$2b$12$69ff61fa882f24f68e3f9c43959355fbdfd66735fdd05bd5e69b3', 'ACTIVO'),
    (281, 71, 'Jorge', 'Herrera', 'jorge.herrera281@frutasdelvalle24.enreach.io', '$2b$12$4f1f63a8d7fa269ce9dd1e9bfc5431cff0973bbff5ed9c78ef844', 'pendiente'),
    (282, 71, 'Martin', 'Mendoza', 'martin.mendoza282@frutasdelvalle24.enreach.io', '$2b$12$ff2f500fd6535b7f1c926768dc765cba4a8b40d1342288183951b', 'activ'),
    (283, 71, 'Bruno', 'Flores', 'bruno.flores283@frutasdelvalle24.enreach.io', '$2b$12$3017e8435ffcd4b9f6e87207b1029c09f51416bf0c1a6cbb8cdeb', 'activo'),
    (284, 71, 'Ramon', 'Paredes', 'ramon.paredes284@frutasdelvalle24.enreach.io', '$2b$12$01e9e3066c55a9141f4294425b0f11625ccc14b5055a7af66abac', 'ACTIVO'),
    (285, 72, 'Ramon', 'Acosta', 'ramon.acosta285@frutasdelvalle24.enreach.io', '$2b$12$65f83e3e57e1944e94a1914dfb8d01385bf99345e777fe5889d23', 'Activo'),
    (286, 72, 'Mateo', 'Rojas', 'mateo.rojas286@frutasdelvalle24.enreach.io', '$2b$12$c2856ed2d218b8e4412febd625eda2b35a6cf9c107dd512c5ceac', 'activ '),
    (287, 72, 'Jorge', 'Lopez', 'jorge.lopez287@frutasdelvalle24.enreach.io', '$2b$12$80950a3ca0776a0bff23db3d0c9849e60e1b61ac31d08206cc7d1', 'pendiente'),
    (288, 72, 'Martin', 'Cabrera', 'martin.cabrera288@frutasdelvalle24.enreach.io', '$2b$12$9c3dfb9bb7c3310c9169d95d3e3ed436250b61f839910ab3eae13', 'activo'),
    (289, 73, 'Elena', 'Ibarra', 'elena.ibarra289@innovalegal25.enreach.io', '$2b$12$fe7b0222a547ed650589db67b7535cf370d252d071d1d309fc15c', 'ACTIVO'),
    (290, 73, 'Marta', 'Silva', 'marta.silva290@innovalegal25.enreach.io', '$2b$12$36a6a552adaabd657b2ea9cddc326a9d641bea8560b1c8bb631ef', 'Activo '),
    (291, 73, 'Ana', 'Castro', 'ana.castro291@innovalegal25.enreach.io', '$2b$12$79e35fc832f41a6957e93592e7c7344a3ca04a34a2d01da42f50a', 'activ'),
    (292, 73, 'Sofia', 'Herrera', 'sofia.herrera292@innovalegal25.enreach.io', '$2b$12$9d69509a357805eca051e3497517c4c65ddeb7dfbce10de84a124', 'activo'),
    (293, 74, 'Sofia', 'Salazar', 'sofia.salazar293@innovalegal25.enreach.io', '$2b$12$fc520f295e833fafd16db1e4bf63d9ca55e194f0bc35b1ea0b8fd', 'pendiente'),
    (294, 74, 'Paula', 'Vera', 'paula.vera294@innovalegal25.enreach.io', '$2b$12$6643f7f373006d3996b0a20d676a90dca47dde32f9edb90e06fae', 'Activo'),
    (295, 74, 'Elena', 'Reyes', 'elena.reyes295@innovalegal25.enreach.io', '$2b$12$b5d3cda09b31f40ccc0528bc23856dced76d4ce9a4c4e5a206f18', 'inactivo'),
    (296, 74, 'Marta', 'Acosta', 'marta.acosta296@innovalegal25.enreach.io', '$2b$12$de53119df626f68f5e82c0c28e0fe8ea819504cb5cf3dd6061c00', 'activo'),
    (297, 75, 'Marta', 'Garcia', 'marta.garcia297@innovalegal25.enreach.io', '$2b$12$8a77a57b50e797745ba71eadf84d8403aa6ab3b5b668a0a153658', 'activo'),
    (298, 75, 'Ana', 'Navarro', 'ana.navarro298@innovalegal25.enreach.io', '$2b$12$af0064f5f22ce0d8cb73d3130e4c6d2d49cba47d2ec88c35cf7b1', 'ACTIVO'),
    (299, 75, 'Sofia', 'Ruiz', 'sofia.ruiz299@innovalegal25.enreach.io', '$2b$12$c123a79e55d711ea0a16cadb4a977c7e0fe791a9cb1066607b0ea', 'Activo '),
    (300, 75, 'Paula', 'Ibarra', 'paula.ibarra300@innovalegal25.enreach.io', '$2b$12$6f14c5f7ffe1d09dd8ba051587c97f6a334adf018de4150443251', 'registrado'),
    (301, 76, 'Andres', 'Torres', 'andres.torres301@hotelmiradorplaza26.enreach.io', '$2b$12$a8cdb291e1bf8c6c8b5a57aa0a252094f67a23df13f682f356032', 'activo'),
    (302, 76, 'Pedro', 'Cruz', 'pedro.cruz302@hotelmiradorplaza26.enreach.io', '$2b$12$ce2655d71f108c879d17a37a23b8287f2fb134fb8bb9a59df1fe4', 'ACTIVO'),
    (303, 76, 'Julian', 'Morales', 'julian.morales303@hotelmiradorplaza26.enreach.io', '$2b$12$438306987e07824c6fdffe52ac251d868e0d5499332861a66a7f2', 'Activo'),
    (304, 76, 'Luis', 'Salazar', 'luis.salazar304@hotelmiradorplaza26.enreach.io', '$2b$12$a9b60afb96cdb9f0ec61cf68d56fa296055be2e08f8f00ddf70ef', 'activ '),
    (305, 77, 'Luis', 'Mendoza', 'luis.mendoza305@hotelmiradorplaza26.enreach.io', '$2b$12$bd96d6ab6b86a5ee82a1edb046638afccc777fd3e68c3bc49290c', 'activo'),
    (306, 77, 'Diego', 'Flores', 'diego.flores306@hotelmiradorplaza26.enreach.io', '$2b$12$7ecdfffe6c0431881292fb69482d93f82035f84059660531217d2', 'registrado'),
    (307, 77, 'Andres', 'Paredes', 'andres.paredes307@hotelmiradorplaza26.enreach.io', '$2b$12$274187d970e8641161661d9576964962b2086a25b5547bc2aa0f8', 'ACTIVO'),
    (308, 77, 'Pedro', 'Garcia', 'pedro.garcia308@hotelmiradorplaza26.enreach.io', '$2b$12$9ff61f2fc4b5022447dfaf584cccce1d18656dcd4aaa1766543f9', 'Activo '),
    (309, 78, 'Pedro', 'Rojas', 'pedro.rojas309@hotelmiradorplaza26.enreach.io', '$2b$12$114ef3dc0abf24a3f6a6d560086ad3f824c85e1f7ca1a8097a3c4', 'activ'),
    (310, 78, 'Julian', 'Lopez', 'julian.lopez310@hotelmiradorplaza26.enreach.io', '$2b$12$7038208e9e98feaaa5f8c35fff4c89d0a75c014c568467305db82', 'activo'),
    (311, 78, 'Luis', 'Cabrera', 'luis.cabrera311@hotelmiradorplaza26.enreach.io', '$2b$12$2446d45331c33d93a2f591ab9799b58f9f77b9352682ef3a232ab', 'ACTIVO'),
    (312, 78, 'Diego', 'Torres', 'diego.torres312@hotelmiradorplaza26.enreach.io', '$2b$12$11a55734ba25266479fdd90bbff24d366804ef462cfaf6b15ef84', 'suspendido'),
    (313, 79, 'Valeria', 'Silva', 'valeria.silva313@transporteruta727.enreach.io', '$2b$12$b772363619f3a2c51b33d0b91e07f64100ab5cb3c350156dc6c74', 'configurado'),
    (314, 79, 'Lucia', 'Castro', 'lucia.castro314@transporteruta727.enreach.io', '$2b$12$c7da83ead82d916f87cd33aacd5783579cdb306191e14ebc96417', 'activo'),
    (315, 79, 'Camila', 'Herrera', 'camila.herrera315@transporteruta727.enreach.io', '$2b$12$e2b235977b544355b0d0fd1e0d3b74c29df5c42117e6a1622188a', 'activo'),
    (316, 79, 'Noelia', 'Mendoza', 'noelia.mendoza316@transporteruta727.enreach.io', '$2b$12$27739c462fd87ca97c41e506470d1b39d0db2aba409e82832a582', 'ACTIVO'),
    (317, 80, 'Noelia', 'Vera', 'noelia.vera317@transporteruta727.enreach.io', '$2b$12$055bb4e7cdc4da8c9bc1dac2e5c82b145c0cc2208924fed56ac1f', 'Activo '),
    (318, 80, 'Carla', 'Reyes', 'carla.reyes318@transporteruta727.enreach.io', '$2b$12$8e715e3b95621bb79eec93bebfac89f2f5b7a732bf521a9b82cda', 'activ'),
    (319, 80, 'Valeria', 'Acosta', 'valeria.acosta319@transporteruta727.enreach.io', '$2b$12$25e6e73c0d6e13a679ab148fabb73d0d2abb05e63f11d4e6a28a2', 'configurado'),
    (320, 80, 'Lucia', 'Rojas', 'lucia.rojas320@transporteruta727.enreach.io', '$2b$12$9e98cad5a697cea91c5f3e37afd349f73a510a6f92d8ce82b2092', 'inactivo'),
    (321, 81, 'Lucia', 'Navarro', 'lucia.navarro321@transporteruta727.enreach.io', '$2b$12$ce9303032b2b451a0023303f6f355561ae9d42ac6490234a86079', 'Activo'),
    (322, 81, 'Camila', 'Ruiz', 'camila.ruiz322@transporteruta727.enreach.io', '$2b$12$3c38161865747b95ad2b52b0c4a5c159f0d5badb279f99978f2c6', 'activ '),
    (323, 81, 'Noelia', 'Ibarra', 'noelia.ibarra323@transporteruta727.enreach.io', '$2b$12$9cb14892e3ad2b8ac94fedc13abc4d6bc189a77957f955dd9911a', 'activo'),
    (324, 81, 'Carla', 'Silva', 'carla.silva324@transporteruta727.enreach.io', '$2b$12$6942197b552090e731b96bd8b860438f8e2df6e8967b08636c55e', 'activo'),
    (325, 82, 'Mateo', 'Cruz', 'mateo.cruz325@medianexodigital28.enreach.io', '$2b$12$39fec19451e09694d604722374f6e556c8b57c4c2228136698219', 'ACTIVO'),
    (326, 82, 'Jorge', 'Morales', 'jorge.morales326@medianexodigital28.enreach.io', '$2b$12$2a35cd57f6971765a2807ae4c42fb51fc0833cc5c52396a602410', 'cancelado'),
    (327, 82, 'Martin', 'Salazar', 'martin.salazar327@medianexodigital28.enreach.io', '$2b$12$7c6394142722d89fa1640816ece17e693aa877adc318df4692a86', 'configurado'),
    (328, 82, 'Bruno', 'Vera', 'bruno.vera328@medianexodigital28.enreach.io', '$2b$12$4f1d97e1240ddfb79816f843cf84141914f326ea85729f4eb41a4', 'activo'),
    (329, 83, 'Bruno', 'Flores', 'bruno.flores329@medianexodigital28.enreach.io', '$2b$12$171cead8577a5785e61b519442d97cacc8a491f9486ad95420277', 'ACTIVO'),
    (330, 83, 'Ramon', 'Paredes', 'ramon.paredes330@medianexodigital28.enreach.io', '$2b$12$11402f0f43416c41ad3a6e176de480b58df7da6e7c4242ab61db5', 'Activo'),
    (331, 83, 'Mateo', 'Garcia', 'mateo.garcia331@medianexodigital28.enreach.io', '$2b$12$4b970c4822a7dfd156314944c5d26b405cd18ea6ae165f9461e1b', 'activ '),
    (332, 83, 'Jorge', 'Navarro', 'jorge.navarro332@medianexodigital28.enreach.io', '$2b$12$f84245b53c5c90f75e6a08de4d3829a768ae426548a015b674995', 'activo'),
    (333, 84, 'Jorge', 'Lopez', 'jorge.lopez333@medianexodigital28.enreach.io', '$2b$12$d93db89e6f5b669246b547ff0f55ea26ed00b4d377bba11976e83', 'configurado'),
    (334, 84, 'Martin', 'Cabrera', 'martin.cabrera334@medianexodigital28.enreach.io', '$2b$12$128aa896063134c4e010b2360eecd8a50933ac3587471f04a8090', 'ACTIVO'),
    (335, 84, 'Bruno', 'Torres', 'bruno.torres335@medianexodigital28.enreach.io', '$2b$12$36db187e5ed0d3b6cf6cbb5904d02ac2640b99a2fe9f9eeede8b8', 'Activo '),
    (336, 84, 'Ramon', 'Cruz', 'ramon.cruz336@medianexodigital28.enreach.io', '$2b$12$a4ec36e1e3af54d0706b928de45393424bda55f0194a16c1515c6', 'activ'),
    (337, 85, 'Ana', 'Castro', 'ana.castro337@alimentoscostanorte29.enreach.io', '$2b$12$80818bfd6f4c65355746474d596308371d62c499f1478dbc21408', 'activo'),
    (338, 85, 'Sofia', 'Herrera', 'sofia.herrera338@alimentoscostanorte29.enreach.io', '$2b$12$04c90f5000f9c6ed59158a1cc8cf47fb84b75783b9886864776b6', 'ACTIVO'),
    (339, 85, 'Paula', 'Mendoza', 'paula.mendoza339@alimentoscostanorte29.enreach.io', '$2b$12$e2c7fd2c1c36e9c29db4e4af063cfa52882836bd624f7afb47b08', 'configurado'),
    (340, 85, 'Elena', 'Flores', 'elena.flores340@alimentoscostanorte29.enreach.io', '$2b$12$9b195fb02edc8213a5e43d80a1b1b82a64e60fb778dcb350017da', 'activ '),
    (341, 86, 'Elena', 'Reyes', 'elena.reyes341@alimentoscostanorte29.enreach.io', '$2b$12$f104d77f5b88fab1b3efc09ea96747ad38c5a11b9631f2154d717', 'activo'),
    (342, 86, 'Marta', 'Acosta', 'marta.acosta342@alimentoscostanorte29.enreach.io', '$2b$12$bdb8928358516db9b23c5dfa79a2f835c803512dbdddd625116e4', 'activo'),
    (343, 86, 'Ana', 'Rojas', 'ana.rojas343@alimentoscostanorte29.enreach.io', '$2b$12$a65d3bd91f1471201b62d28db174f7688e64e4c7016854963825d', 'ACTIVO'),
    (344, 86, 'Sofia', 'Lopez', 'sofia.lopez344@alimentoscostanorte29.enreach.io', '$2b$12$de52f246f1e3d639d3e5bfd549a4d0d9fca9a787cd6740e13d681', 'Activo '),
    (345, 87, 'Sofia', 'Ruiz', 'sofia.ruiz345@alimentoscostanorte29.enreach.io', '$2b$12$30967f7e678163e376a20958c0dab69cdac7979f9969f6cea802d', 'configurado'),
    (346, 87, 'Paula', 'Ibarra', 'paula.ibarra346@alimentoscostanorte29.enreach.io', '$2b$12$a9276532e6bb45d149fb393dcafac5cfa9017ffce6a4480ee82a9', 'activo'),
    (347, 87, 'Elena', 'Silva', 'elena.silva347@alimentoscostanorte29.enreach.io', '$2b$12$c4f9f9cb98b92c16319e44a7338fed926cec2ffdb93885c7a3882', 'ACTIVO'),
    (348, 87, 'Marta', 'Castro', 'marta.castro348@alimentoscostanorte29.enreach.io', '$2b$12$67a3a935bf9757696720d4b4cb203015e17cae85b14152fcc8e1a', 'Activo'),
    (349, 88, 'Julian', 'Morales', 'julian.morales349@talentohumanoplus30.enreach.io', '$2b$12$f53847bf0796ad6e119fe30c963bd68b25a958954504c34d41a69', 'activ '),
    (350, 88, 'Luis', 'Salazar', 'luis.salazar350@talentohumanoplus30.enreach.io', '$2b$12$6668eff50dbdfd9027a0419a0654f048c4ffd3bedb2fd496d6f2e', 'activo'),
    (351, 88, 'Diego', 'Vera', 'diego.vera351@talentohumanoplus30.enreach.io', '$2b$12$f9463f4c292eade3c585ee97cf0728f6c3a6cba1b954ee0894628', 'configurado'),
    (352, 88, 'Andres', 'Reyes', 'andres.reyes352@talentohumanoplus30.enreach.io', '$2b$12$e3b37050a6a1f552ff192159e3947205748f50742e32cdc974b03', 'ACTIVO'),
    (353, 89, 'Andres', 'Paredes', 'andres.paredes353@talentohumanoplus30.enreach.io', '$2b$12$e2d14365e0ef777423be241b59b4b5f5ef29af9d6724ac6abe9e9', 'Activo '),
    (354, 89, 'Pedro', 'Garcia', 'pedro.garcia354@talentohumanoplus30.enreach.io', '$2b$12$13bc36e321e685c2e0517448cab799a1f234107db8ab74303cb72', 'activ'),
    (355, 89, 'Julian', 'Navarro', 'julian.navarro355@talentohumanoplus30.enreach.io', '$2b$12$0d415ccf3e3bd14cfc0c51fd115bc8b7537f539b7b8b316b457e2', 'activo'),
    (356, 89, 'Luis', 'Ruiz', 'luis.ruiz356@talentohumanoplus30.enreach.io', '$2b$12$79f3c46f5e5b77c15ae04731d20739da7f1aeae9151dbf21c361e', 'ACTIVO'),
    (357, 90, 'Luis', 'Cabrera', 'luis.cabrera357@talentohumanoplus30.enreach.io', '$2b$12$a3530f5af43e24d53dad4ed8cde8aa09c3a45462f88b4710cdea8', 'configurado'),
    (358, 90, 'Diego', 'Torres', 'diego.torres358@talentohumanoplus30.enreach.io', '$2b$12$b24f3fc2e51b9b7c4f7c1bf7d72b9ccee476baa1f60adb8da5cea', 'activ '),
    (359, 90, 'Andres', 'Cruz', 'andres.cruz359@talentohumanoplus30.enreach.io', '$2b$12$571b76ffa203ada52d90f59ae1c65679e115376259cb9ad37d24f', 'activo'),
    (360, 90, 'Pedro', 'Morales', 'pedro.morales360@talentohumanoplus30.enreach.io', '$2b$12$ba20e90b9ef5cfe30e1c95aacd4cf5715a4d67bf2557b6549d9a7', 'activo'),
    (361, 91, 'Camila', 'Herrera', 'camila.herrera361@serviciosorion31.enreach.io', '$2b$12$654fa7578e620cc293bce0ffbe7b47dec189f3f8851e1e4d9e21c', 'ACTIVO'),
    (362, 91, 'Noelia', 'Mendoza', 'noelia.mendoza362@serviciosorion31.enreach.io', '$2b$12$d7f267d4875da3281d42343a730cc6d79d0f008d201dcdfe8cac5', 'Activo '),
    (363, 91, 'Carla', 'Flores', 'carla.flores363@serviciosorion31.enreach.io', '$2b$12$5d34a96e8408c4da0d2ce0cfe746b809ddc7779743ba1946b2712', 'configurado'),
    (364, 91, 'Valeria', 'Paredes', 'valeria.paredes364@serviciosorion31.enreach.io', '$2b$12$8e55a8083e7f1698d083831b68909aaa7175b8368096d09f1a105', 'cancelado '),
    (365, 92, 'Valeria', 'Acosta', 'valeria.acosta365@serviciosorion31.enreach.io', '$2b$12$c5a4c21d776df11cd87530590ab4e87aa62ce0790cfcf0f9f5418', 'ACTIVO'),
    (366, 92, 'Lucia', 'Rojas', 'lucia.rojas366@serviciosorion31.enreach.io', '$2b$12$30767f19d02d83e5e8ad4a5d66a757df739bf6025682d76f32999', 'Activo'),
    (367, 92, 'Camila', 'Lopez', 'camila.lopez367@serviciosorion31.enreach.io', '$2b$12$30e01367137a003e3fdc103871c142ec381f94d943377aee17eba', 'activ '),
    (368, 92, 'Noelia', 'Cabrera', 'noelia.cabrera368@serviciosorion31.enreach.io', '$2b$12$5c23470ffe6902dbef6eaf12fe0e581fa9f92945dc4fb37cacb5e', 'activo'),
    (369, 93, 'Noelia', 'Ibarra', 'noelia.ibarra369@serviciosorion31.enreach.io', '$2b$12$e4cc57b9436438d7a46056a16a1d2e22e9a76c7b766d712123c80', 'activo'),
    (370, 93, 'Carla', 'Silva', 'carla.silva370@serviciosorion31.enreach.io', '$2b$12$540427987678770258a2fb34bc18e696d92790171d190b8337b00', 'registrado'),
    (371, 93, 'Valeria', 'Castro', 'valeria.castro371@serviciosorion31.enreach.io', '$2b$12$2262e78d93780cf8b8ab64009177de7a8e9fd77862b0cefc29316', 'Activo '),
    (372, 93, 'Lucia', 'Herrera', 'lucia.herrera372@serviciosorion31.enreach.io', '$2b$12$dfeed5320b5f424d5cc987264d49a166088ed0327563c609ef77d', 'activ'),
    (373, 94, 'Martin', 'Salazar', 'martin.salazar373@industriasboreal32.enreach.io', '$2b$12$3f48995675bd1ca97da208753b6c8e7b20978a99a7365834d8448', 'activo'),
    (374, 94, 'Bruno', 'Vera', 'bruno.vera374@industriasboreal32.enreach.io', '$2b$12$b03aa1d14316cdd882e1fc6ffd58220a5804712a5596afd390e35', 'ACTIVO'),
    (375, 94, 'Ramon', 'Reyes', 'ramon.reyes375@industriasboreal32.enreach.io', '$2b$12$7eba5e5d3262403cd3f2b99aa8d29e0dd939a42104e04ef55dbba', 'Activo'),
    (376, 94, 'Mateo', 'Acosta', 'mateo.acosta376@industriasboreal32.enreach.io', '$2b$12$38ee8174d9ce5c22f55ddcdedf6ef2e3b54e3634a0ae2a6449128', 'registrado'),
    (377, 95, 'Mateo', 'Garcia', 'mateo.garcia377@industriasboreal32.enreach.io', '$2b$12$8506cb217cff9028d8053258407a7f55abc17f929774bf9c2efa6', 'activo'),
    (378, 95, 'Jorge', 'Navarro', 'jorge.navarro378@industriasboreal32.enreach.io', '$2b$12$d42f67b42d75977234f58a4ed3f86acadd56cdb97cccffcd8d00e', 'activo'),
    (379, 95, 'Martin', 'Ruiz', 'martin.ruiz379@industriasboreal32.enreach.io', '$2b$12$552f6352a201623574ba82c82279e1d62df7382f9ff4bd8392634', 'ACTIVO'),
    (380, 95, 'Bruno', 'Ibarra', 'bruno.ibarra380@industriasboreal32.enreach.io', '$2b$12$2358f91d1de35c54e55898ea3618784e74a4048d5d4218088025d', 'Activo '),
    (381, 96, 'Bruno', 'Torres', 'bruno.torres381@industriasboreal32.enreach.io', '$2b$12$f736ca53f7aed3577efe9ede32f49984da78d9dfe5d829286e5fc', 'activ'),
    (382, 96, 'Ramon', 'Cruz', 'ramon.cruz382@industriasboreal32.enreach.io', '$2b$12$9b14980b3c7ba01846d9206ab3df26e62ef27819546522e50aaae', 'registrado'),
    (383, 96, 'Mateo', 'Morales', 'mateo.morales383@industriasboreal32.enreach.io', '$2b$12$d72ed04d144d35e363a982ffc87d6c20feab90c96b9ea6b438bc0', 'ACTIVO'),
    (384, 96, 'Jorge', 'Salazar', 'jorge.salazar384@industriasboreal32.enreach.io', '$2b$12$fc573ceaa4c4530fbf0ca6bc7b6e48cc0193ffa345201913ac76d', 'Activo'),
    (385, 97, 'Paula', 'Mendoza', 'paula.mendoza385@consultoranexus33.enreach.io', '$2b$12$fae5fd795d86be410409940983079162d21aae7b8c17d81994c79', 'activ '),
    (386, 97, 'Elena', 'Flores', 'elena.flores386@consultoranexus33.enreach.io', '$2b$12$bdfcc39ef033d9692c33ada5841629093bd527340c70e7d6e7068', 'activo'),
    (387, 97, 'Marta', 'Paredes', 'marta.paredes387@consultoranexus33.enreach.io', '$2b$12$00816587cfd41bcff9fe6f4304aafadeb3f8e82f806844f15cdad', 'activo'),
    (388, 97, 'Ana', 'Garcia', 'ana.garcia388@consultoranexus33.enreach.io', '$2b$12$7837ef0f5d37a5f97cc1ab9662258b0db970a49dff32aca6696c7', 'inactivo '),
    (389, 98, 'Ana', 'Rojas', 'ana.rojas389@consultoranexus33.enreach.io', '$2b$12$f0d94a8021c6c358d61fdc8447bc9604b765364c7a40651c7c5bf', 'pendiente'),
    (390, 98, 'Sofia', 'Lopez', 'sofia.lopez390@consultoranexus33.enreach.io', '$2b$12$b47870e4d66ee779a43cfd72cca3cec016abb95c6d83c131bf704', 'activ'),
    (391, 98, 'Paula', 'Cabrera', 'paula.cabrera391@consultoranexus33.enreach.io', '$2b$12$31f29d4c9d7b142eb5229bb50464952a2838153f5a861c6d3cb66', 'activo'),
    (392, 98, 'Elena', 'Torres', 'elena.torres392@consultoranexus33.enreach.io', '$2b$12$0b6e49fc19b710bb453df546d96ab25cb835306fe088cb98224d1', 'ACTIVO'),
    (393, 99, 'Elena', 'Silva', 'elena.silva393@consultoranexus33.enreach.io', '$2b$12$a0a1fdbe21b79222eb1bfee8b6fcfda664a81e74a869644aa3e2a', 'Activo'),
    (394, 99, 'Marta', 'Castro', 'marta.castro394@consultoranexus33.enreach.io', '$2b$12$f09aa4c1c776b7f091dcc9e1ee0c43ce0f094ce09fb259886981d', 'activ '),
    (395, 99, 'Ana', 'Herrera', 'ana.herrera395@consultoranexus33.enreach.io', '$2b$12$0f71fa9e808d5d54b0d82ab4d0d335aef0de00b474733d2d2870a', 'pendiente'),
    (396, 99, 'Sofia', 'Mendoza', 'sofia.mendoza396@consultoranexus33.enreach.io', '$2b$12$c85ba262a70da0ed0bc44d8ed9338f1b5ddbac828b8838f24c265', 'activo'),
    (397, 100, 'Diego', 'Vera', 'diego.vera397@aquasystems34.enreach.io', '$2b$12$40a3040d44fe1b8577f9be529cd7914df825a5a2ddc531766f8af', 'ACTIVO'),
    (398, 100, 'Andres', 'Reyes', 'andres.reyes398@aquasystems34.enreach.io', '$2b$12$3b71eb428e7688f9adfc6420ed05549e2cbb8d359b6c71bef1df6', 'Activo '),
    (399, 100, 'Pedro', 'Acosta', 'pedro.acosta399@aquasystems34.enreach.io', '$2b$12$a07f7ae1da6a82c7647672cc1fdae68cdacae0817928fa657247c', 'activ'),
    (400, 100, 'Julian', 'Rojas', 'julian.rojas400@aquasystems34.enreach.io', '$2b$12$e75b4a1c531e5b9477bac2236760823e22004d6207ed0aa97217a', 'inactivo'),
    (401, 101, 'Julian', 'Navarro', 'julian.navarro401@aquasystems34.enreach.io', '$2b$12$fffa9a327876844d30ea8e2d13634001242aa1583640a159ed2bf', 'ACTIVO'),
    (402, 101, 'Luis', 'Ruiz', 'luis.ruiz402@aquasystems34.enreach.io', '$2b$12$da074e3295fe6a94cde05aafb905b0855915b5b6bd9fe1600b46f', 'registrado'),
    (403, 101, 'Diego', 'Ibarra', 'diego.ibarra403@aquasystems34.enreach.io', '$2b$12$9245927ccc5ea10935e72ad477dda1cf9babcb89f4c274f9f1e25', 'activ '),
    (404, 101, 'Andres', 'Silva', 'andres.silva404@aquasystems34.enreach.io', '$2b$12$32f7117125b149efade2252061091110b6aa4ba0b8d38b9402cd5', 'activo'),
    (405, 102, 'Andres', 'Cruz', 'andres.cruz405@aquasystems34.enreach.io', '$2b$12$40c574238a7eb2391d54f174b922b7834c300ea9bf2d530745bca', 'activo'),
    (406, 102, 'Pedro', 'Morales', 'pedro.morales406@aquasystems34.enreach.io', '$2b$12$90112b5fab47d31374cc140347460f86e827c270b9478e089f9c3', 'ACTIVO'),
    (407, 102, 'Julian', 'Salazar', 'julian.salazar407@aquasystems34.enreach.io', '$2b$12$5b063da19c11a948c944a3b4265ae8e18132f5d0f209bd80755b9', 'Activo '),
    (408, 102, 'Luis', 'Vera', 'luis.vera408@aquasystems34.enreach.io', '$2b$12$dded8df666e1ed0878c30c6fe8cb86ba9d3b42e2ac57a5302ad6b', 'inactivo '),
    (409, 103, 'Carla', 'Flores', 'carla.flores409@comercialaltamar35.enreach.io', '$2b$12$d82d3e5d22b2debe9c89f2d03612e97b04bb0e1825d3bdb7cecad', 'configurado'),
    (410, 103, 'Valeria', 'Paredes', 'valeria.paredes410@comercialaltamar35.enreach.io', '$2b$12$1f4cd8b06e803bad40f3d26a33d8a383f7c636b95d4a0e4080454', 'ACTIVO'),
    (411, 103, 'Lucia', 'Garcia', 'lucia.garcia411@comercialaltamar35.enreach.io', '$2b$12$ecb5773f677a2a987c4f452c3bdd8b23578f6a5c5c048b19df8b1', 'Activo'),
    (412, 103, 'Camila', 'Navarro', 'camila.navarro412@comercialaltamar35.enreach.io', '$2b$12$feba1cfb81420cb72a7eabafcbf270fff63f6406e4466df8caaf7', 'activ '),
    (413, 104, 'Camila', 'Lopez', 'camila.lopez413@comercialaltamar35.enreach.io', '$2b$12$d9e6c7e57f9c247bf5b3a19f37fbc52c4ae195d65521c8112b5a4', 'activo'),
    (414, 104, 'Noelia', 'Cabrera', 'noelia.cabrera414@comercialaltamar35.enreach.io', '$2b$12$a794b35b3316f2bcc3a6d988c54ef2619aa926f26837a3fedd9cd', 'activo'),
    (415, 104, 'Carla', 'Torres', 'carla.torres415@comercialaltamar35.enreach.io', '$2b$12$0f6f3ec1dab76685d9c9064dcdf81c11e5a186f031f25b2487aff', 'inactivo'),
    (416, 104, 'Valeria', 'Cruz', 'valeria.cruz416@comercialaltamar35.enreach.io', '$2b$12$e1af40bea308b09628d363bd4495cd1223c2b339b05a71469c0ae', 'pendiente '),
    (417, 105, 'Valeria', 'Castro', 'valeria.castro417@comercialaltamar35.enreach.io', '$2b$12$a27db00329415d28b5829ac48cc887d750727db08b6b3b9d61091', 'activ'),
    (418, 105, 'Lucia', 'Herrera', 'lucia.herrera418@comercialaltamar35.enreach.io', '$2b$12$3cc10d3e6e18db2b7b7b419ea7cd9875947e8fac2eee75374a0b2', 'activo'),
    (419, 105, 'Camila', 'Mendoza', 'camila.mendoza419@comercialaltamar35.enreach.io', '$2b$12$28a2a00581720c39bd41282124e1a6fd45abb712d7b9920fccb8f', 'ACTIVO'),
    (420, 105, 'Noelia', 'Flores', 'noelia.flores420@comercialaltamar35.enreach.io', '$2b$12$61fec5937ca813e7f68a41ce973fff1ef68baa6de4c21fdd09f68', 'inactivo'),
    (421, 106, 'Ramon', 'Reyes', 'ramon.reyes421@textilesbrisa36.enreach.io', '$2b$12$b632fa94bfe48844ff9a8c41247a5e16ca199f96df3272fa35d5b', 'activ '),
    (422, 106, 'Mateo', 'Acosta', 'mateo.acosta422@textilesbrisa36.enreach.io', '$2b$12$fa1a90e673d67d40b960eff2f3269ca933f77dcc86e381851e39b', 'activo'),
    (423, 106, 'Jorge', 'Rojas', 'jorge.rojas423@textilesbrisa36.enreach.io', '$2b$12$07cc1bf232d87b0983741cba61e54cb803a9c438cf9ba70752941', 'configurado'),
    (424, 106, 'Martin', 'Lopez', 'martin.lopez424@textilesbrisa36.enreach.io', '$2b$12$8e1c1c4ffd0e6fbcb5dfd6cd9b1f859ecb6dcc8900c77993aaef0', 'ACTIVO'),
    (425, 107, 'Martin', 'Ruiz', 'martin.ruiz425@textilesbrisa36.enreach.io', '$2b$12$dfaece8a8aa5a1456a95014383dee22b0759271232d5f426242b2', 'Activo '),
    (426, 107, 'Bruno', 'Ibarra', 'bruno.ibarra426@textilesbrisa36.enreach.io', '$2b$12$e640730076af0247c3e5ddd92f9edec4104bd3dc1a1191f118ddc', 'activ'),
    (427, 107, 'Ramon', 'Silva', 'ramon.silva427@textilesbrisa36.enreach.io', '$2b$12$d5ef83d88d7bafbe7d01c499bb91c4ccb97b10209d16c560e36ee', 'activo'),
    (428, 107, 'Mateo', 'Castro', 'mateo.castro428@textilesbrisa36.enreach.io', '$2b$12$59c4731ed3cb6d463606ae1038850c0e7c8764a0ed12f09bdf1dc', 'ACTIVO'),
    (429, 108, 'Mateo', 'Morales', 'mateo.morales429@textilesbrisa36.enreach.io', '$2b$12$c5334d9dcf2960411dba3e73a317dcf2ac75e3bf91f8ac8225695', 'configurado'),
    (430, 108, 'Jorge', 'Salazar', 'jorge.salazar430@textilesbrisa36.enreach.io', '$2b$12$1d27dce030238c30128c418302c0f551752c6e8957acaf0813d00', 'activ '),
    (431, 108, 'Martin', 'Vera', 'martin.vera431@textilesbrisa36.enreach.io', '$2b$12$d6ccd8098c195fd0e9692cfdc603aa6bbb628c60a4cf23ec61aa1', 'cancelado'),
    (432, 108, 'Bruno', 'Reyes', 'bruno.reyes432@textilesbrisa36.enreach.io', '$2b$12$2e4c27d933ed07728dd7a8819f16ee0d32b072f6270acd521d3c3', 'activo'),
    (433, 109, 'Marta', 'Paredes', 'marta.paredes433@clinimedsur37.enreach.io', '$2b$12$cd4af5042d2befb42a2bc69574a8b95b82133e4bacea1400d558e', 'ACTIVO'),
    (434, 109, 'Ana', 'Garcia', 'ana.garcia434@clinimedsur37.enreach.io', '$2b$12$fc52988b349368532fe6bdba85f5af2069b628b6289c640b6cc34', 'Activo '),
    (435, 109, 'Sofia', 'Navarro', 'sofia.navarro435@clinimedsur37.enreach.io', '$2b$12$8c4c7dac9beb1e44dcdf37df61e05503e910806f64d7893e5d5bc', 'activ'),
    (436, 109, 'Paula', 'Ruiz', 'paula.ruiz436@clinimedsur37.enreach.io', '$2b$12$db08bef9611a590e58dcd832b9f067217b0084ebf83170ff0db80', 'cancelado'),
    (437, 110, 'Paula', 'Cabrera', 'paula.cabrera437@clinimedsur37.enreach.io', '$2b$12$4597ee4fded6105cf71e2ec7f8c2a0573704aee9682fe6cdf5ecd', 'pendiente'),
    (438, 110, 'Elena', 'Torres', 'elena.torres438@clinimedsur37.enreach.io', '$2b$12$c6a2ebfc0ee566d87fd87b05b37e0271e940a0a3f54402fee1898', 'Activo'),
    (439, 110, 'Marta', 'Cruz', 'marta.cruz439@clinimedsur37.enreach.io', '$2b$12$18985ab1e0d1395ad3ff96c8adae5bf91ba6243426d5f938753c6', 'activ '),
    (440, 110, 'Ana', 'Morales', 'ana.morales440@clinimedsur37.enreach.io', '$2b$12$e3d336aec0276af92b9f4b55b89f44e4bbc25770d7a5541a7de98', 'activo'),
    (441, 111, 'Ana', 'Herrera', 'ana.herrera441@clinimedsur37.enreach.io', '$2b$12$3dc4e2b86d5609b34b8561fbc7ce1271447cc453c22772f6579d3', 'activo'),
    (442, 111, 'Sofia', 'Mendoza', 'sofia.mendoza442@clinimedsur37.enreach.io', '$2b$12$eba97233b61f45b79f705493a03ebc1b9c1980f28bd1bf6228543', 'ACTIVO'),
    (443, 111, 'Paula', 'Flores', 'paula.flores443@clinimedsur37.enreach.io', '$2b$12$35228eccd4525b07ac20db6ae00b633156d2de3f02ac4d16e091a', 'pendiente'),
    (444, 111, 'Elena', 'Paredes', 'elena.paredes444@clinimedsur37.enreach.io', '$2b$12$ed229ea1f435c6b0bbd429ad5d3400f427d7d980007cfe1837d3c', 'activ'),
    (445, 112, 'Pedro', 'Acosta', 'pedro.acosta445@tecnocampo38.enreach.io', '$2b$12$5c30477e21d4ae68009c4f881790b57cf0399a35eea413db21ac1', 'activo'),
    (446, 112, 'Julian', 'Rojas', 'julian.rojas446@tecnocampo38.enreach.io', '$2b$12$1ffdf8249dd970fd004d157b0a2e6bd9c2c7c09e8fa86cacad7f9', 'ACTIVO'),
    (447, 112, 'Luis', 'Lopez', 'luis.lopez447@tecnocampo38.enreach.io', '$2b$12$427c712d1bc34e1e9687e3049eaee2349a52a333001e71b55c653', 'suspendido'),
    (448, 112, 'Diego', 'Cabrera', 'diego.cabrera448@tecnocampo38.enreach.io', '$2b$12$c80cbae1216fb242eb533220c118210549cafef0b2cb863801898', 'activ '),
    (449, 113, 'Diego', 'Ibarra', 'diego.ibarra449@tecnocampo38.enreach.io', '$2b$12$d482cfcaa2b827bd49e7f3f31669f9df88e385fda0ccc71da488d', 'activo'),
    (450, 113, 'Andres', 'Silva', 'andres.silva450@tecnocampo38.enreach.io', '$2b$12$42013ba2a92a415a8e4ca87296935f076398ebcef9ff8dda638d4', 'registrado'),
    (451, 113, 'Pedro', 'Castro', 'pedro.castro451@tecnocampo38.enreach.io', '$2b$12$21a9d73494bf4483f51a53765163eebb89eaad4a47cbdf96d00a1', 'ACTIVO'),
    (452, 113, 'Julian', 'Herrera', 'julian.herrera452@tecnocampo38.enreach.io', '$2b$12$a5a949e1f6467f9b91dda128b23894ec12ccf33c52b3bb5d5fc06', 'Activo '),
    (453, 114, 'Julian', 'Salazar', 'julian.salazar453@tecnocampo38.enreach.io', '$2b$12$28c9d014c5fa0fce45aea25420a4d3d6027a845711eebba0b4ec0', 'activ'),
    (454, 114, 'Luis', 'Vera', 'luis.vera454@tecnocampo38.enreach.io', '$2b$12$dc17e46f7d407c602ae79b8bdc47ffd918252c1df3e3b69d7a3d6', 'activo'),
    (455, 114, 'Diego', 'Reyes', 'diego.reyes455@tecnocampo38.enreach.io', '$2b$12$2e30b1cb80c6e1b9c7d344018e894832ebcd60518deab14ed98a6', 'ACTIVO'),
    (456, 114, 'Andres', 'Acosta', 'andres.acosta456@tecnocampo38.enreach.io', '$2b$12$ae186984d1794e1559ca4e1ca86d628ebe7035d05663bb997eb30', 'registrado'),
    (457, 115, 'Lucia', 'Garcia', 'lucia.garcia457@logisprocenter39.enreach.io', '$2b$12$1de5e80b8faeced03dff1cada639429d86da1fbfb26de964dad67', 'activ '),
    (458, 115, 'Camila', 'Navarro', 'camila.navarro458@logisprocenter39.enreach.io', '$2b$12$1f69f28f2a1650d7ad6497d6f09eda6bf1f4ab632696c862ef8ec', 'activo'),
    (459, 115, 'Noelia', 'Ruiz', 'noelia.ruiz459@logisprocenter39.enreach.io', '$2b$12$3464258c9202bf159128c3ba744cbbc6e95aadd24388bd91f4ac5', 'activo'),
    (460, 115, 'Carla', 'Ibarra', 'carla.ibarra460@logisprocenter39.enreach.io', '$2b$12$234de3af6bd740d46fb72c9023ba7ed59636a11c2716c758a691f', 'ACTIVO'),
    (461, 116, 'Carla', 'Torres', 'carla.torres461@logisprocenter39.enreach.io', '$2b$12$428d95eb2c4e2fe8d9361730a5aae32fbee12fe46672f543491a5', 'Activo '),
    (462, 116, 'Valeria', 'Cruz', 'valeria.cruz462@logisprocenter39.enreach.io', '$2b$12$a84630a6d41b4af8b95b54df27bb6052c1768bb53e5292ca9c6e4', 'registrado'),
    (463, 116, 'Lucia', 'Morales', 'lucia.morales463@logisprocenter39.enreach.io', '$2b$12$6b3ace006e6ca8e5b0c593d08c14107b67b795d21de84ea030d09', 'activo'),
    (464, 116, 'Camila', 'Salazar', 'camila.salazar464@logisprocenter39.enreach.io', '$2b$12$f9a50f65dae69e86e48c2c88ebe06f6a78a22e7ccbb8daf258d62', 'ACTIVO'),
    (465, 117, 'Camila', 'Mendoza', 'camila.mendoza465@logisprocenter39.enreach.io', '$2b$12$1a25fc682796d5bdba9facd2b15e58ff707115378bf871eb87eec', 'Activo'),
    (466, 117, 'Noelia', 'Flores', 'noelia.flores466@logisprocenter39.enreach.io', '$2b$12$7cd593817cd4773dcab636af1857a62dbed2e0c478950fc54312d', 'activ '),
    (467, 117, 'Carla', 'Paredes', 'carla.paredes467@logisprocenter39.enreach.io', '$2b$12$2822369c49102a973227a0ea0905d02e922ad6fef4cd74a254141', 'activo'),
    (468, 117, 'Valeria', 'Garcia', 'valeria.garcia468@logisprocenter39.enreach.io', '$2b$12$31bfdbb1a1a480cd324e19cd24bc865bb2325b30e964469e5d5a6', 'registrado'),
    (469, 118, 'Jorge', 'Rojas', 'jorge.rojas469@visionescolar40.enreach.io', '$2b$12$be2990e519f4ff182c6839ff2fa93131a8664e8b074f012d7bc62', 'ACTIVO'),
    (470, 118, 'Martin', 'Lopez', 'martin.lopez470@visionescolar40.enreach.io', '$2b$12$e8a055140d441c9a321e1afdbc177657e479b932cc5a896b032bc', 'Activo '),
    (471, 118, 'Bruno', 'Cabrera', 'bruno.cabrera471@visionescolar40.enreach.io', '$2b$12$99e71158437639330a11af580131f9982b23b6a475be759704f4d', 'activ'),
    (472, 118, 'Ramon', 'Torres', 'ramon.torres472@visionescolar40.enreach.io', '$2b$12$ce3643303774bb617ac59eeb42c28db630500b86acccdb55f4dc5', 'activo'),
    (473, 119, 'Ramon', 'Silva', 'ramon.silva473@visionescolar40.enreach.io', '$2b$12$0c0a2af1b905f42315b63973372988b17db195b8c35f2e95048e6', 'ACTIVO'),
    (474, 119, 'Mateo', 'Castro', 'mateo.castro474@visionescolar40.enreach.io', '$2b$12$d0d767b8a338f5aac1848e8ec535baad9bf27330b45f1f099611a', 'registrado'),
    (475, 119, 'Jorge', 'Herrera', 'jorge.herrera475@visionescolar40.enreach.io', '$2b$12$21a361ce6409729cfde86771c32328ca6ce1b2e06a5b8cbce97d3', 'activ '),
    (476, 119, 'Martin', 'Mendoza', 'martin.mendoza476@visionescolar40.enreach.io', '$2b$12$d317391a97ebeecf4272b0b16cfcc0dda59185bca8e2c591b5d04', 'activo'),
    (477, 120, 'Martin', 'Vera', 'martin.vera477@visionescolar40.enreach.io', '$2b$12$24be7ce0013c55b9f2c83a18fe96e75e58dc0605010c9a71c49f0', 'activo'),
    (478, 120, 'Bruno', 'Reyes', 'bruno.reyes478@visionescolar40.enreach.io', '$2b$12$7e4a795b999c22fa7cc600c1d35a322a63ba01d7735ba468e072e', 'ACTIVO'),
    (479, 120, 'Ramon', 'Acosta', 'ramon.acosta479@visionescolar40.enreach.io', '$2b$12$a7f0f760ff7ff3f899c06f84e3857856eccdb41f90d10c7c8dbe5', 'Activo '),
    (480, 120, 'Mateo', 'Rojas', 'mateo.rojas480@visionescolar40.enreach.io', '$2b$12$69236d1951833047539004f5e29632110771320782f888a479914', 'registrado'),
    (481, 121, 'Sofia', 'Navarro', 'sofia.navarro481@agroinsumosterra41.enreach.io', '$2b$12$1e465f55e51d5c0e107ac5598efe8b6cff01ffe10761142a21bb2', 'activo'),
    (482, 121, 'Paula', 'Ruiz', 'paula.ruiz482@agroinsumosterra41.enreach.io', '$2b$12$f563b11969dcbc681a1e6c47e7e8312200a8c4854f4b00169b1f0', 'ACTIVO'),
    (483, 121, 'Elena', 'Ibarra', 'elena.ibarra483@agroinsumosterra41.enreach.io', '$2b$12$89160e14557ab43a09461d7bb8d5e21b622665d3c12523d24d2d6', 'Activo'),
    (484, 121, 'Marta', 'Silva', 'marta.silva484@agroinsumosterra41.enreach.io', '$2b$12$fa8348f56627036e8b40d788a1e9312c4c0fdf399ce8cecbba891', 'activ '),
    (485, 122, 'Marta', 'Cruz', 'marta.cruz485@agroinsumosterra41.enreach.io', '$2b$12$56eb9f4bf1f503ab5917313247baf840a65ed553a9ce3658f81fa', 'activo'),
    (486, 122, 'Ana', 'Morales', 'ana.morales486@agroinsumosterra41.enreach.io', '$2b$12$2deb35f23b8e8efd0e0a5a9c6a37eb81d825609af4ef17a57d994', 'registrado'),
    (487, 122, 'Sofia', 'Salazar', 'sofia.salazar487@agroinsumosterra41.enreach.io', '$2b$12$a6eabc490d36a4bb2ca87d1c91bc130ef671d23031a0ca9f3d51a', 'ACTIVO'),
    (488, 122, 'Paula', 'Vera', 'paula.vera488@agroinsumosterra41.enreach.io', '$2b$12$e9a56a15546a217aef9763e0baccd14783fd413eeda47573d40d3', 'inactivo '),
    (489, 123, 'Paula', 'Flores', 'paula.flores489@agroinsumosterra41.enreach.io', '$2b$12$e2866c2fc6d021815bba0bb5b2830ef78c510d6964b457dc34db5', 'activ'),
    (490, 123, 'Elena', 'Paredes', 'elena.paredes490@agroinsumosterra41.enreach.io', '$2b$12$d458c641ab52857fd763d6360d559058d10fbd88734ea20fc29a3', 'activo'),
    (491, 123, 'Marta', 'Garcia', 'marta.garcia491@agroinsumosterra41.enreach.io', '$2b$12$778a15d3d67ed4cdfa663ec6f928041097781b5b33b4531918e41', 'ACTIVO'),
    (492, 123, 'Ana', 'Navarro', 'ana.navarro492@agroinsumosterra41.enreach.io', '$2b$12$1d2b91ddb0c486e49ed1e4668cd77e411d3c9b42ac1217ee0962d', 'Activo'),
    (493, 124, 'Luis', 'Lopez', 'luis.lopez493@ferreteriapuntofijo42.enreach.io', '$2b$12$4f4223390ecfcd4ffadbc865b212e1bf1626ef0db4db1f4aa4712', 'configurado'),
    (494, 124, 'Diego', 'Cabrera', 'diego.cabrera494@ferreteriapuntofijo42.enreach.io', '$2b$12$3bee006335c77f008479ea5ee1ced1417ff984fe53344bad4c677', 'cancelado '),
    (495, 124, 'Andres', 'Torres', 'andres.torres495@ferreteriapuntofijo42.enreach.io', '$2b$12$245e7bdcb64f07f4befd66f892958b43e6a34364d9960adb93b50', 'activo'),
    (496, 124, 'Pedro', 'Cruz', 'pedro.cruz496@ferreteriapuntofijo42.enreach.io', '$2b$12$3c7285cda2832a7b595cb52d40f0784b2b9b341b5bc663ea0e06d', 'ACTIVO'),
    (497, 125, 'Pedro', 'Castro', 'pedro.castro497@ferreteriapuntofijo42.enreach.io', '$2b$12$76f15350ebf7b5330df5756511be9cb135f07211e9f19936aac11', 'Activo '),
    (498, 125, 'Julian', 'Herrera', 'julian.herrera498@ferreteriapuntofijo42.enreach.io', '$2b$12$7654e73f5e49bc247f81981365306e02dac9356aebc1d5498fab1', 'activ'),
    (499, 125, 'Luis', 'Mendoza', 'luis.mendoza499@ferreteriapuntofijo42.enreach.io', '$2b$12$01e985662664e5807bd92f8d49bbde097009dba9d2b61ee15fd34', 'activo'),
    (500, 125, 'Diego', 'Flores', 'diego.flores500@ferreteriapuntofijo42.enreach.io', '$2b$12$6ad1ee91d3547c1f742f8075961422e1d468fa1cc16c039407599', 'pendiente '),
    (501, 126, 'Diego', 'Reyes', 'diego.reyes501@ferreteriapuntofijo42.enreach.io', '$2b$12$a45e03334a626fd9627fbb933c4e1ee628899e9bbde940c3d8384', 'Activo'),
    (502, 126, 'Andres', 'Acosta', 'andres.acosta502@ferreteriapuntofijo42.enreach.io', '$2b$12$3d1d84234f1309843304cd9ec56f60a4d9342c7c193b20086ecbd', 'activ '),
    (503, 126, 'Pedro', 'Rojas', 'pedro.rojas503@ferreteriapuntofijo42.enreach.io', '$2b$12$6dca31b168b426f6e3177f23b5b09e5a37d501a721f796ae2d62f', 'activo'),
    (504, 126, 'Julian', 'Lopez', 'julian.lopez504@ferreteriapuntofijo42.enreach.io', '$2b$12$9df63bbbae217e4abf294395dce602c4e828aab4fbfa07d8a3093', 'cancelado '),
    (505, 127, 'Noelia', 'Ruiz', 'noelia.ruiz505@exportadorasolmar43.enreach.io', '$2b$12$105844bb29fee4aba049af4d9353128680f03ec96732b02d294c8', 'ACTIVO'),
    (506, 127, 'Carla', 'Ibarra', 'carla.ibarra506@exportadorasolmar43.enreach.io', '$2b$12$fc26ad0c6090f41af101a6f530de1651c7a9e9632808692d59f07', 'Activo '),
    (507, 127, 'Valeria', 'Silva', 'valeria.silva507@exportadorasolmar43.enreach.io', '$2b$12$78e18b08f5519013dfd9185301cea495f641fa1e5ee6483e25dba', 'activ'),
    (508, 127, 'Lucia', 'Castro', 'lucia.castro508@exportadorasolmar43.enreach.io', '$2b$12$b1e5b95accf7ca3516f048e51718b69a33722539df00bf7e4434f', 'activo'),
    (509, 128, 'Lucia', 'Morales', 'lucia.morales509@exportadorasolmar43.enreach.io', '$2b$12$674b1210c5506c35a0c2665cc6085c363ae2c7c9cf67defb11c3b', 'ACTIVO'),
    (510, 128, 'Camila', 'Salazar', 'camila.salazar510@exportadorasolmar43.enreach.io', '$2b$12$52a1450cc7ab3a4796ea8d172a97fba27b2956cb440839d79056e', 'Activo'),
    (511, 128, 'Noelia', 'Vera', 'noelia.vera511@exportadorasolmar43.enreach.io', '$2b$12$dadc48d1f5fd5bec7e99ee54041e8be7910edba3e43c1321451c4', 'activ '),
    (512, 128, 'Carla', 'Reyes', 'carla.reyes512@exportadorasolmar43.enreach.io', '$2b$12$a3345de980c6b1c13afe464014e45b1eee075516bc5facb7f1bcf', 'suspendido'),
    (513, 129, 'Carla', 'Paredes', 'carla.paredes513@exportadorasolmar43.enreach.io', '$2b$12$c061f9d8b526b7ae63b5ce1c9a4b08dcffb8c15662beff5d7c540', 'activo'),
    (514, 129, 'Valeria', 'Garcia', 'valeria.garcia514@exportadorasolmar43.enreach.io', '$2b$12$14602b11f6f9a645bfc58a28bb8c82a3dd0f89d10d8ec52f3c294', 'ACTIVO'),
    (515, 129, 'Lucia', 'Navarro', 'lucia.navarro515@exportadorasolmar43.enreach.io', '$2b$12$f44dec8178cc37f2a792fac8353621a46471a505e2cf984dec80d', 'Activo '),
    (516, 129, 'Camila', 'Ruiz', 'camila.ruiz516@exportadorasolmar43.enreach.io', '$2b$12$48a0170f20135c599b0402f2c8e849c63ab4ac11aa3b49f0e8ed4', 'cancelado'),
    (517, 130, 'Bruno', 'Cabrera', 'bruno.cabrera517@saludvivacenter44.enreach.io', '$2b$12$baa411f17034c8fc311475b14c3b45aafc52cd27780c664c13579', 'activo'),
    (518, 130, 'Ramon', 'Torres', 'ramon.torres518@saludvivacenter44.enreach.io', '$2b$12$7474379b5d557d0f47cba185d302256e458dfb8842b468a582180', 'inactivo '),
    (519, 130, 'Mateo', 'Cruz', 'mateo.cruz519@saludvivacenter44.enreach.io', '$2b$12$1b8b1b70f8276c01b1fa0d0c8ae35e69b377540b5f97c3f2b44a1', 'Activo'),
    (520, 130, 'Jorge', 'Morales', 'jorge.morales520@saludvivacenter44.enreach.io', '$2b$12$48db94f0ac02b0badd9ed74a3df07b61b35816f0635eb041de47d', 'inactivo'),
    (521, 131, 'Jorge', 'Herrera', 'jorge.herrera521@saludvivacenter44.enreach.io', '$2b$12$644dd48954d7d8db9bb66d1b0340749c6e23a6734cb4cb8253b5c', 'activo'),
    (522, 131, 'Martin', 'Mendoza', 'martin.mendoza522@saludvivacenter44.enreach.io', '$2b$12$4392d3822ddfd43bdafe43b4372b5e5e5475158bcf766ff210647', 'suspendido'),
    (523, 131, 'Bruno', 'Flores', 'bruno.flores523@saludvivacenter44.enreach.io', '$2b$12$2bb68df0211a1c4072d8c2a7758d029e1756597133b7115113021', 'inactivo '),
    (524, 131, 'Ramon', 'Paredes', 'ramon.paredes524@saludvivacenter44.enreach.io', '$2b$12$a3fd8612827df95d6513920d8f24969414c1afd68245bbe9ed777', 'cancelado '),
    (525, 132, 'Ramon', 'Acosta', 'ramon.acosta525@saludvivacenter44.enreach.io', '$2b$12$016f5e11efc190c8e03432d8b6748f676c63e50eb69b29c223105', 'activ'),
    (526, 132, 'Mateo', 'Rojas', 'mateo.rojas526@saludvivacenter44.enreach.io', '$2b$12$20129ac8f3513bd09b2b98edd785f67ee1b87570ca7317fb1c56f', 'cancelado'),
    (527, 132, 'Jorge', 'Lopez', 'jorge.lopez527@saludvivacenter44.enreach.io', '$2b$12$4c2f700671c0c9aec6f7623aa8cde1a86b2e78e6f931e2ca4e169', 'ACTIVO'),
    (528, 132, 'Martin', 'Cabrera', 'martin.cabrera528@saludvivacenter44.enreach.io', '$2b$12$994a3131a2f3a0f456d0f7a90a5cc60e4c7c78b2a9961037755bd', 'inactivo '),
    (529, 133, 'Elena', 'Ibarra', 'elena.ibarra529@databridgecorp45.enreach.io', '$2b$12$1a8f5655aee5fc8b32178ae17fe920c0762e348d077074ea88e33', 'activ '),
    (530, 133, 'Marta', 'Silva', 'marta.silva530@databridgecorp45.enreach.io', '$2b$12$d2fbaf699662735d57a96230a82f09bb5bb7a0f39ab549366f196', 'inactivo'),
    (531, 133, 'Ana', 'Castro', 'ana.castro531@databridgecorp45.enreach.io', '$2b$12$86c6ed0b43c6093abf5f0668257bb8bd8420af748cc2377d65ff3', 'activo'),
    (532, 133, 'Sofia', 'Herrera', 'sofia.herrera532@databridgecorp45.enreach.io', '$2b$12$901721fd77de75d8a10eddf12ddf5036fdd2fd29c87771faa59ef', 'suspendido'),
    (533, 134, 'Sofia', 'Salazar', 'sofia.salazar533@databridgecorp45.enreach.io', '$2b$12$a0e9df5740af0a36c7303175ab0420a6442f5c7e5303eed8f3ff5', 'Activo '),
    (534, 134, 'Paula', 'Vera', 'paula.vera534@databridgecorp45.enreach.io', '$2b$12$a8c6892c1e914558a2d375893a9dd65f17b15c82a5282b9d599b1', 'cancelado '),
    (535, 134, 'Elena', 'Reyes', 'elena.reyes535@databridgecorp45.enreach.io', '$2b$12$a258767a375b733bf18a6381f11edcdf4a791f045c0a68c6ca536', 'inactivo'),
    (536, 134, 'Marta', 'Acosta', 'marta.acosta536@databridgecorp45.enreach.io', '$2b$12$cd42c981352cdcb28324224e7ec3a8d9df52eb1f2134b389163fd', 'cancelado'),
    (537, 135, 'Marta', 'Garcia', 'marta.garcia537@databridgecorp45.enreach.io', '$2b$12$33c20b42d72233b81e029a44241e510c567a87a0d0d4ffdbc1047', 'Activo'),
    (538, 135, 'Ana', 'Navarro', 'ana.navarro538@databridgecorp45.enreach.io', '$2b$12$cb2fe721f43c31a8b4d832617f0268798f9fe51a236876fa1e078', 'activ '),
    (539, 135, 'Sofia', 'Ruiz', 'sofia.ruiz539@databridgecorp45.enreach.io', '$2b$12$a05fda842ea813b947c0a9a19aa636c6a088fd832f066498f9742', 'cancelado '),
    (540, 135, 'Paula', 'Ibarra', 'paula.ibarra540@databridgecorp45.enreach.io', '$2b$12$d86a3a6f2c6d8cbbeb2fd5227b517bdda70ebbfe7d3bc4825b24c', 'inactivo'),
    (541, 136, 'Andres', 'Torres', 'andres.torres541@retailnovasur46.enreach.io', '$2b$12$5d0c268903951ffbb7ae03e73d1fc7ae78d1cf20f54883c32b478', 'activo'),
    (542, 136, 'Pedro', 'Cruz', 'pedro.cruz542@retailnovasur46.enreach.io', '$2b$12$6ce404164f0d6d054c25df66f7cdcbe51521f32fbb70b0fc34148', 'ACTIVO'),
    (543, 136, 'Julian', 'Morales', 'julian.morales543@retailnovasur46.enreach.io', '$2b$12$4f20548cb4983e95a32f2e6f4d8c0a514e99a4c5a0a754f5d56f7', 'Activo '),
    (544, 136, 'Luis', 'Salazar', 'luis.salazar544@retailnovasur46.enreach.io', '$2b$12$31f339743f5c443ac0859b2d72891bd537e0547d9734f1fcd8f00', 'activ'),
    (545, 137, 'Luis', 'Mendoza', 'luis.mendoza545@retailnovasur46.enreach.io', '$2b$12$717a7938362f3688c37b258fc84662370391f72de22918fcd93c8', 'activo'),
    (546, 137, 'Diego', 'Flores', 'diego.flores546@retailnovasur46.enreach.io', '$2b$12$441847f40486ffca0499f6080a02139e0b495e5080705485946d1', 'ACTIVO'),
    (547, 137, 'Andres', 'Paredes', 'andres.paredes547@retailnovasur46.enreach.io', '$2b$12$3c51a270ac8213796d76dbd7195ef351ae5216cfd329482dd1104', 'Activo'),
    (548, 137, 'Pedro', 'Garcia', 'pedro.garcia548@retailnovasur46.enreach.io', '$2b$12$6c9983eef2057d68ae58c03ca3d5df8f017defdeedb30d5bfe4eb', 'activ '),
    (549, 138, 'Pedro', 'Rojas', 'pedro.rojas549@retailnovasur46.enreach.io', '$2b$12$d98805d3aecbdc3b89258679f671cec8a42afbc4c61ff20dc5bf0', 'activo'),
    (550, 138, 'Julian', 'Lopez', 'julian.lopez550@retailnovasur46.enreach.io', '$2b$12$9581ddb7950b9fea31d582f2c41e05a59e26dd91765dbcdce76d3', 'activo'),
    (551, 138, 'Luis', 'Cabrera', 'luis.cabrera551@retailnovasur46.enreach.io', '$2b$12$3bc0bdbbfb0b677f7cf7b8df8b897957de016cc32325ab5783377', 'ACTIVO'),
    (552, 138, 'Diego', 'Torres', 'diego.torres552@retailnovasur46.enreach.io', '$2b$12$bbc5fbd089f20da08ca3d114eeea19e213766080ad3cf5931006d', 'Activo '),
    (553, 139, 'Valeria', 'Silva', 'valeria.silva553@operadoraandina47.enreach.io', '$2b$12$fa145fbf26856b10dcfb52897db5e1a987ea4902fe078af050212', 'activ'),
    (554, 139, 'Lucia', 'Castro', 'lucia.castro554@operadoraandina47.enreach.io', '$2b$12$b711926f8384cd60524eca616225857bcc23cd2c05a1f452e5198', 'activo'),
    (555, 139, 'Camila', 'Herrera', 'camila.herrera555@operadoraandina47.enreach.io', '$2b$12$2a19872e71065e36364c8aa7e1fa736e0f9a4725e8b3544f8412d', 'registrado'),
    (556, 139, 'Noelia', 'Mendoza', 'noelia.mendoza556@operadoraandina47.enreach.io', '$2b$12$570ba181477b47b594161fe2019e639a09d1106676d1262f47dc9', 'configurado'),
    (557, 140, 'Noelia', 'Vera', 'noelia.vera557@operadoraandina47.enreach.io', '$2b$12$844f8f5103532005766ee68160efe9edc3ccfe47ec6212aed9dab', 'pendiente '),
    (558, 140, 'Carla', 'Reyes', 'carla.reyes558@operadoraandina47.enreach.io', '$2b$12$8a65d98c25992d5105bb66e23cc5d2ccaaf81a6de36c816f59b14', 'inactivo'),
    (559, 140, 'Valeria', 'Acosta', 'valeria.acosta559@operadoraandina47.enreach.io', '$2b$12$0d17dc5148714ba35da7421660ffccc0b84581262ada4b3e10883', 'cancelado'),
    (560, 140, 'Lucia', 'Rojas', 'lucia.rojas560@operadoraandina47.enreach.io', '$2b$12$ec5917a712393c263110921ca9cd522ce51a3f9213119bfb4711b', 'suspendido'),
    (561, 141, 'Lucia', 'Navarro', 'lucia.navarro561@operadoraandina47.enreach.io', '$2b$12$772da0836b193e68723354fd52d3f077e7efbbf2464aebb284fc7', 'activo'),
    (562, 141, 'Camila', 'Ruiz', 'camila.ruiz562@operadoraandina47.enreach.io', '$2b$12$00ca3e050ab5e501a215fe53d26c9e64d9b611b40c72a2707622b', 'ACTIVO'),
    (563, 141, 'Noelia', 'Ibarra', 'noelia.ibarra563@operadoraandina47.enreach.io', '$2b$12$ba3f85ab96e011f8f2b0e42742dc1d2bad052fc49ef109a08efaa', 'Activo '),
    (564, 141, 'Carla', 'Silva', 'carla.silva564@operadoraandina47.enreach.io', '$2b$12$440672221aef0aec926e6af5dee2293c46e676b7bcf58256d318f', 'activ'),
    (565, 142, 'Mateo', 'Cruz', 'mateo.cruz565@biofoodsprime48.enreach.io', '$2b$12$5b6f7d4cc9554a10eeee19a48f29f1d5ed2500bb04fdb0c9b9207', 'activo'),
    (566, 142, 'Jorge', 'Morales', 'jorge.morales566@biofoodsprime48.enreach.io', '$2b$12$bcd61eb3c175cfb994f29d15f6ff552c2dcc5bc23b762cb46786f', 'ACTIVO'),
    (567, 142, 'Martin', 'Salazar', 'martin.salazar567@biofoodsprime48.enreach.io', '$2b$12$a92acb591c2a655452fa3cbe729d2a3cdf2cc8c02a9ba156534d9', 'Activo'),
    (568, 142, 'Bruno', 'Vera', 'bruno.vera568@biofoodsprime48.enreach.io', '$2b$12$cf7cf10815c6373aacb8e6a4502e59d3ba2f8a0c3bdba76fd09d0', 'activ '),
    (569, 143, 'Bruno', 'Flores', 'bruno.flores569@biofoodsprime48.enreach.io', '$2b$12$a1ff01788ec104bc64887888b4ff829d44749f9ee9d2e3f31a402', 'activo'),
    (570, 143, 'Ramon', 'Paredes', 'ramon.paredes570@biofoodsprime48.enreach.io', '$2b$12$464225f522235e83b041f448ab2cb3f51de4826085b187b4f1a22', 'activo'),
    (571, 143, 'Mateo', 'Garcia', 'mateo.garcia571@biofoodsprime48.enreach.io', '$2b$12$8dafa3e48b9dd7a179aeca5a7f71fc17e08194d5e2f5b2d7c129c', 'ACTIVO'),
    (572, 143, 'Jorge', 'Navarro', 'jorge.navarro572@biofoodsprime48.enreach.io', '$2b$12$d4838036c9462f9220d011c18eeeb587f8e4b74735c04cfe6478f', 'Activo '),
    (573, 144, 'Jorge', 'Lopez', 'jorge.lopez573@biofoodsprime48.enreach.io', '$2b$12$d6df3f9a03d37a6923c6a3d268ea2890386ae3aab17f6c4fb2915', 'activ'),
    (574, 144, 'Martin', 'Cabrera', 'martin.cabrera574@biofoodsprime48.enreach.io', '$2b$12$196da88b72584f8c7bdebe483f6adac22ef9c1088ee6711215f10', 'activo'),
    (575, 144, 'Bruno', 'Torres', 'bruno.torres575@biofoodsprime48.enreach.io', '$2b$12$d9da5d1472527f27998b863d8d0c2765e83e17431831340e2f936', 'registrado'),
    (576, 144, 'Ramon', 'Cruz', 'ramon.cruz576@biofoodsprime48.enreach.io', '$2b$12$169c7afe2f8e72d796cebfcc465316ca024d619bbac8117c69bdb', 'configurado'),
    (577, 145, 'Ana', 'Castro', 'ana.castro577@capitalgestion49.enreach.io', '$2b$12$d9966c53a79e57411e1d92d441862ebb24cd76caff04b776100c4', 'pendiente '),
    (578, 145, 'Sofia', 'Herrera', 'sofia.herrera578@capitalgestion49.enreach.io', '$2b$12$0b3f151ca35b181d9aba07ac6d0e7e13c4f397c43a897ac84bb3d', 'inactivo'),
    (579, 145, 'Paula', 'Mendoza', 'paula.mendoza579@capitalgestion49.enreach.io', '$2b$12$3ff20560e4769d2a31f0004c1ada54fe41ddc283fddd530980158', 'cancelado'),
    (580, 145, 'Elena', 'Flores', 'elena.flores580@capitalgestion49.enreach.io', '$2b$12$ac9b313ea30ad92810e2288f177389b62fa587bccfc034a2bed2e', 'suspendido'),
    (581, 146, 'Elena', 'Reyes', 'elena.reyes581@capitalgestion49.enreach.io', '$2b$12$35e400fa9acecd1b7da5dc88b7efed0dde4a0c8d5134025784ff0', 'activo'),
    (582, 146, 'Marta', 'Acosta', 'marta.acosta582@capitalgestion49.enreach.io', '$2b$12$535d6538205aa9669c2e68404cdf00f492164d127734a20b1edf9', 'ACTIVO'),
    (583, 146, 'Ana', 'Rojas', 'ana.rojas583@capitalgestion49.enreach.io', '$2b$12$e4bdbf5997ffbce37e218042b4f2868b7f6899d2aaa0262fec142', 'Activo '),
    (584, 146, 'Sofia', 'Lopez', 'sofia.lopez584@capitalgestion49.enreach.io', '$2b$12$c948a799d8b8daccccdb672bb7bf3227fac3a4f220c66212a438e', 'activ'),
    (585, 147, 'Sofia', 'Ruiz', 'sofia.ruiz585@capitalgestion49.enreach.io', '$2b$12$714c56060f6e7edca9fe9cf6e30c0b897bb39948f709644df5c68', 'activo'),
    (586, 147, 'Paula', 'Ibarra', 'paula.ibarra586@capitalgestion49.enreach.io', '$2b$12$764ae985f09276e74afa0d755c09568320af51526f28a21acf29c', 'ACTIVO'),
    (587, 147, 'Elena', 'Silva', 'elena.silva587@capitalgestion49.enreach.io', '$2b$12$8011fd20958e7dc5f313cb7633147e2bef584c42b50a64dd0bb05', 'Activo'),
    (588, 147, 'Marta', 'Castro', 'marta.castro588@capitalgestion49.enreach.io', '$2b$12$1aabba3d00cff01a3ccfdcdc83c22af324fec27b46a12ddbfc507', 'activ '),
    (589, 148, 'Julian', 'Morales', 'julian.morales589@movilnetempresarial50.enreach.io', '$2b$12$ae027e1a1ed6ecd0dc6fd6e66147269ca3e904f9c1141d4091fad', 'activo'),
    (590, 148, 'Luis', 'Salazar', 'luis.salazar590@movilnetempresarial50.enreach.io', '$2b$12$a96bb6cb1917e67080372a9245cabe432a7c2ecf3d59ac56eac3b', 'activo'),
    (591, 148, 'Diego', 'Vera', 'diego.vera591@movilnetempresarial50.enreach.io', '$2b$12$b9d86bc59dc986e792686e00cd32043b01a4c3cef1abfd64c6886', 'ACTIVO'),
    (592, 148, 'Andres', 'Reyes', 'andres.reyes592@movilnetempresarial50.enreach.io', '$2b$12$4fc50eeeb4ade8a2c03f59b8581aeeabbac6dfc3ce94247046427', 'Activo '),
    (593, 149, 'Andres', 'Paredes', 'andres.paredes593@movilnetempresarial50.enreach.io', '$2b$12$eaf75f0df7050c4ad218a114f6852fd081a945baa5fd0a5f4b1cb', 'activ'),
    (594, 149, 'Pedro', 'Garcia', 'pedro.garcia594@movilnetempresarial50.enreach.io', '$2b$12$3bbe5d0f2d7a70bb875228f92280fdfbc876e9da07a33907c4aaf', 'activo'),
    (595, 149, 'Julian', 'Navarro', 'julian.navarro595@movilnetempresarial50.enreach.io', '$2b$12$fb0b66f8300c92d331d2d69c47b746f40626e550de1998f9f7389', 'registrado'),
    (596, 149, 'Luis', 'Ruiz', 'luis.ruiz596@movilnetempresarial50.enreach.io', '$2b$12$ad33148449f91c917c064aa7c820df2ddc065505e94f60f5cc505', 'configurado'),
    (597, 150, 'Luis', 'Cabrera', 'luis.cabrera597@movilnetempresarial50.enreach.io', '$2b$12$0feb714e9eb66c8617fc390d37f459363a744afc52bc1338077f5', 'pendiente '),
    (598, 150, 'Diego', 'Torres', 'diego.torres598@movilnetempresarial50.enreach.io', '$2b$12$f52e2788260983a55953c3686559c38be5cf73cec22e56f895968', 'inactivo'),
    (599, 150, 'Andres', 'Cruz', 'andres.cruz599@movilnetempresarial50.enreach.io', '$2b$12$dc10c95f1dc871788ca083dbeb3badec581002755aca4064dc667', 'cancelado'),
    (600, 150, 'Pedro', 'Morales', 'pedro.morales600@movilnetempresarial50.enreach.io', '$2b$12$9f1197bb4edc4b5c121ea9bbaeec24fa0f27f791ed554138ba263', 'suspendido');

INSERT INTO Contrato (ID_Contrato, ID_Cliente, ID_Partner, ID_Plan, cantidad_plan, fecha_inicio, fecha_fin, duracion_meses, estado) VALUES
    (1, 1, 1, 2, 1, '2023-01-01', '2023-12-31', 12, 'vencido'),
    (2, 1, 1, 1, 3, '2024-01-01', '2024-12-31', 12, 'VENCIDO'),
    (3, 1, 1, 2, 5, '2025-01-01', '2025-12-31', 12, 'Vencido'),
    (4, 2, 2, 3, 2, '2023-01-01', '2023-12-31', 12, 'expirado'),
    (5, 2, 2, 4, 4, '2024-01-01', '2024-12-31', 12, 'finalizado'),
    (6, 2, 2, 3, 1, '2025-01-01', '2025-12-31', 12, 'terminado'),
    (7, 3, 3, 6, 3, '2023-01-01', '2023-12-31', 12, 'vencid'),
    (8, 3, 3, 5, 5, '2024-01-01', '2024-12-31', 12, 'vencido'),
    (9, 3, 4, 8, 2, '2025-01-01', '2025-12-31', 12, 'VENCIDO'),
    (10, 4, 4, 7, 4, '2023-01-01', '2023-12-31', 12, 'Vencido'),
    (11, 4, 5, 10, 1, '2024-01-01', '2024-12-31', 12, 'expirado'),
    (12, 4, 4, 7, 3, '2025-01-01', '2025-12-31', 12, 'finalizado'),
    (13, 5, 5, 10, 5, '2023-01-01', '2023-12-31', 12, 'terminado'),
    (14, 5, 5, 9, 2, '2024-01-01', '2024-12-31', 12, 'vencid'),
    (15, 5, 7, 6, 4, '2025-01-01', '2025-12-31', 12, 'vencido'),
    (16, 6, 6, 3, 1, '2023-01-01', '2023-12-31', 12, 'VENCIDO'),
    (17, 6, 6, 4, 3, '2024-01-01', '2024-12-31', 12, 'Vencido'),
    (18, 6, 7, 5, 5, '2025-01-01', '2025-12-31', 12, 'expirado'),
    (19, 7, 7, 6, 2, '2023-01-01', '2023-12-31', 12, 'finalizado'),
    (20, 7, 7, 5, 4, '2024-01-01', '2024-12-31', 12, 'terminado'),
    (21, 7, 7, 6, 1, '2025-01-01', '2025-12-31', 12, 'vencid'),
    (22, 8, 8, 7, 3, '2023-01-01', '2023-12-31', 12, 'vencido'),
    (23, 8, 1, 2, 5, '2024-01-01', '2024-12-31', 12, 'VENCIDO'),
    (24, 8, 8, 7, 2, '2025-01-01', '2025-12-31', 12, 'Vencido'),
    (25, 9, 1, 2, 4, '2023-01-01', '2023-12-31', 12, 'expirado'),
    (26, 9, 1, 1, 1, '2024-01-01', '2024-12-31', 12, 'finalizado'),
    (27, 9, 2, 4, 3, '2025-01-01', '2025-12-31', 12, 'terminado'),
    (28, 10, 2, 3, 5, '2023-01-01', '2023-12-31', 12, 'vencid'),
    (29, 10, 2, 4, 2, '2024-01-01', '2024-12-31', 12, 'vencido'),
    (30, 10, 4, 7, 4, '2025-01-01', '2025-12-31', 12, 'VENCIDO'),
    (31, 11, 3, 6, 1, '2023-01-01', '2023-12-31', 12, 'Vencido'),
    (32, 11, 3, 5, 3, '2024-01-01', '2024-12-31', 12, 'expirado'),
    (33, 11, 3, 6, 5, '2025-01-01', '2025-12-31', 12, 'finalizado'),
    (34, 12, 4, 7, 2, '2023-01-01', '2023-12-31', 12, 'terminado'),
    (35, 12, 5, 10, 4, '2024-01-01', '2024-12-31', 12, 'vencid'),
    (36, 12, 5, 9, 1, '2025-01-01', '2025-12-31', 12, 'vencido'),
    (37, 13, 5, 10, 3, '2023-01-01', '2023-12-31', 12, 'VENCIDO'),
    (38, 13, 5, 9, 5, '2024-01-01', '2024-12-31', 12, 'Vencido'),
    (39, 13, 5, 10, 2, '2025-01-01', '2025-12-31', 12, 'expirado'),
    (40, 14, 6, 3, 4, '2023-01-01', '2023-12-31', 12, 'finalizado'),
    (41, 14, 6, 4, 1, '2024-01-01', '2024-12-31', 12, 'terminado'),
    (42, 14, 6, 3, 3, '2025-01-01', '2025-12-31', 12, 'vencid'),
    (43, 15, 7, 6, 5, '2023-01-01', '2023-12-31', 12, 'vencido'),
    (44, 15, 7, 5, 2, '2024-01-01', '2024-12-31', 12, 'VENCIDO'),
    (45, 15, 1, 2, 4, '2025-01-01', '2025-12-31', 12, 'Vencido'),
    (46, 16, 8, 7, 1, '2023-01-01', '2023-12-31', 12, 'expirado'),
    (47, 16, 1, 2, 3, '2024-01-01', '2024-12-31', 12, 'finalizado'),
    (48, 16, 8, 7, 5, '2025-01-01', '2025-12-31', 12, 'terminado'),
    (49, 17, 1, 2, 2, '2023-01-01', '2023-12-31', 12, 'vencid'),
    (50, 17, 1, 1, 4, '2024-01-01', '2024-12-31', 12, 'vencido'),
    (51, 17, 1, 2, 1, '2025-01-01', '2025-12-31', 12, 'VENCIDO'),
    (52, 18, 2, 3, 3, '2023-01-01', '2023-12-31', 12, 'Vencido'),
    (53, 18, 2, 4, 5, '2024-01-01', '2024-12-31', 12, 'expirado'),
    (54, 18, 3, 5, 2, '2025-01-01', '2025-12-31', 12, 'finalizado'),
    (55, 19, 3, 6, 4, '2023-01-01', '2023-12-31', 12, 'terminado'),
    (56, 19, 3, 5, 1, '2024-01-01', '2024-12-31', 12, 'vencid'),
    (57, 19, 3, 6, 3, '2025-01-01', '2025-12-31', 12, 'vencido'),
    (58, 20, 4, 7, 5, '2023-01-01', '2023-12-31', 12, 'VENCIDO'),
    (59, 20, 5, 10, 2, '2024-01-01', '2024-12-31', 12, 'Vencido'),
    (60, 20, 6, 3, 4, '2025-01-01', '2025-12-31', 12, 'expirado'),
    (61, 21, 5, 10, 1, '2024-01-01', '2024-12-31', 12, 'finalizado'),
    (62, 21, 5, 9, 3, '2025-01-01', '2025-12-31', 12, 'terminado'),
    (63, 22, 6, 3, 2, '2024-01-01', '2024-12-31', 12, 'vencid'),
    (64, 22, 6, 4, 4, '2025-01-01', '2025-12-31', 12, 'vencido'),
    (65, 23, 7, 6, 3, '2024-01-01', '2024-12-31', 12, 'VENCIDO'),
    (66, 23, 7, 5, 5, '2025-01-01', '2025-12-31', 12, 'Vencido'),
    (67, 24, 8, 7, 4, '2024-01-01', '2024-12-31', 12, 'expirado'),
    (68, 24, 1, 2, 1, '2025-01-01', '2025-12-31', 12, 'finalizado'),
    (69, 25, 1, 2, 5, '2024-01-01', '2024-12-31', 12, 'terminado'),
    (70, 25, 1, 1, 2, '2025-01-01', '2025-12-31', 12, 'vencid'),
    (71, 26, 2, 3, 1, '2024-01-01', '2024-12-31', 12, 'vencido'),
    (72, 26, 2, 4, 3, '2025-01-01', '2025-12-31', 12, 'VENCIDO'),
    (73, 27, 3, 6, 2, '2024-01-01', '2024-12-31', 12, 'Vencido'),
    (74, 27, 3, 5, 4, '2025-01-01', '2025-12-31', 12, 'expirado'),
    (75, 28, 4, 7, 3, '2024-01-01', '2024-12-31', 12, 'finalizado'),
    (76, 28, 5, 10, 5, '2025-01-01', '2025-12-31', 12, 'terminado'),
    (77, 29, 5, 10, 4, '2024-01-01', '2024-12-31', 12, 'vencid'),
    (78, 29, 5, 9, 1, '2025-01-01', '2025-12-31', 12, 'vencido'),
    (79, 30, 6, 3, 5, '2024-01-01', '2024-12-31', 12, 'VENCIDO'),
    (80, 30, 6, 4, 2, '2025-01-01', '2025-12-31', 12, 'Vencido'),
    (81, 31, 7, 6, 1, '2024-01-01', '2024-12-31', 12, 'expirado'),
    (82, 31, 7, 5, 3, '2025-01-01', '2025-12-31', 12, 'finalizado'),
    (83, 32, 8, 7, 2, '2024-01-01', '2024-12-31', 12, 'terminado'),
    (84, 32, 1, 2, 4, '2025-01-01', '2025-12-31', 12, 'vencid'),
    (85, 33, 1, 2, 3, '2024-01-01', '2024-12-31', 12, 'vencido'),
    (86, 33, 1, 1, 5, '2025-01-01', '2025-12-31', 12, 'VENCIDO'),
    (87, 34, 2, 3, 4, '2024-01-01', '2024-12-31', 12, 'Vencido'),
    (88, 34, 2, 4, 1, '2025-01-01', '2025-12-31', 12, 'expirado'),
    (89, 35, 3, 6, 5, '2024-01-01', '2024-12-31', 12, 'finalizado'),
    (90, 35, 3, 5, 2, '2025-01-01', '2025-12-31', 12, 'terminado'),
    (91, 36, 4, 7, 1, '2024-01-01', '2024-12-31', 12, 'vencid'),
    (92, 36, 5, 10, 3, '2025-01-01', '2025-12-31', 12, 'vencido'),
    (93, 37, 5, 10, 2, '2024-01-01', '2024-12-31', 12, 'VENCIDO'),
    (94, 37, 5, 9, 4, '2025-01-01', '2025-12-31', 12, 'Vencido'),
    (95, 38, 6, 3, 3, '2024-01-01', '2024-12-31', 12, 'expirado'),
    (96, 38, 6, 4, 5, '2025-01-01', '2025-12-31', 12, 'finalizado'),
    (97, 39, 7, 6, 4, '2024-01-01', '2024-12-31', 12, 'terminado'),
    (98, 39, 7, 5, 1, '2025-01-01', '2025-12-31', 12, 'vencid'),
    (99, 40, 8, 7, 5, '2024-01-01', '2024-12-31', 12, 'vencido'),
    (100, 40, 1, 2, 2, '2025-01-01', '2025-12-31', 12, 'VENCIDO'),
    (101, 41, 1, 2, 1, '2025-01-01', '2025-12-31', 12, 'Vencido'),
    (102, 42, 2, 3, 2, '2025-01-01', '2025-12-31', 12, 'expirado'),
    (103, 43, 3, 6, 3, '2025-01-01', '2025-12-31', 12, 'finalizado'),
    (104, 44, 4, 7, 4, '2025-01-01', '2025-12-31', 12, 'terminado'),
    (105, 45, 5, 10, 5, '2025-01-01', '2025-12-31', 12, 'vencid'),
    (106, 46, 6, 3, 1, '2025-01-01', '2025-12-31', 12, 'vencido'),
    (107, 47, 7, 6, 2, '2025-01-01', '2025-12-31', 12, 'VENCIDO'),
    (108, 48, 8, 7, 3, '2025-01-01', '2025-12-31', 12, 'Vencido'),
    (109, 49, 1, 2, 4, '2025-01-01', '2025-12-31', 12, 'expirado'),
    (110, 50, 2, 3, 5, '2025-01-01', '2025-12-31', 12, 'finalizado');